name,slug,description,address,city,state,country,pincode,latitude,longitude,contact_number,email,website_url,specialties,operating_hours,google_rating,google_review_count,google_place_id,google_maps_url,profile_image,amenities,owner_email,is_approved,verification_status,claim_status
"Dr. Y V Rao Clinics, Vizag",dr-y-v-rao-clinics-vizag,,"Dr.YVRao Clinics, 10-50-2, I St floor, Waltair Main Rd, beside Lazarus Hospital, Visakhapatnam, Andhra Pradesh 530002, India",Visakhapatnam,Andhra Pradesh,India,530002,17.7169482,83.3082122,919963055055,,https://www.dryvrao.com/,Plastic surgeon,"{""Monday"": ""9\u202fAM to 7\u202fPM"", ""Tuesday"": ""9\u202fAM to 7\u202fPM"", ""Wednesday"": ""9:30\u202fAM to 7\u202fPM"", ""Thursday"": ""9:30\u202fAM to 7\u202fPM"", ""Friday"": ""9:30\u202fAM to 7\u202fPM"", ""Saturday"": ""9:30\u202fAM to 7:30\u202fPM"", ""Sunday"": ""9\u202fAM to 7\u202fPM""}",4.6,29,ChIJsaC91qxDOToRKBWEsTwVAqQ,https://www.google.com/maps/search/?api=1&query=Dr.%20Y%20V%20Rao%20Clinics%2C%20Vizag&query_place_id=ChIJsaC91qxDOToRKBWEsTwVAqQ,https://lh3.googleusercontent.com/p/AF1QipNjlTpEQq_KbyK51cCHSwcR8PRNrA0h_SYFz85Q=w426-h240-k-no,"Wheelchair Accessible, Digital Payments, Appointment Required",vzg.dryvraoclinicsvizag.1@antidote-temp.com,FALSE,pending,unclaimed
The Esthetic Clinics,the-esthetic-clinics,,"DOOR NO.47, Sai Spoorthy Hospital - Multi Speciality And Trauma Centre, 935, 3rd Ln, Seetamma Peta, Dwaraka Nagar, Visakhapatnam, Andhra Pradesh 530016, India",Visakhapatnam,Andhra Pradesh,India,530016,17.7271376,83.3066757,917028065165,,https://www.theestheticclinic.com/,Plastic surgery clinic,"{""Monday"": ""Open 24 hours"", ""Tuesday"": ""Open 24 hours"", ""Wednesday"": ""Open 24 hours"", ""Thursday"": ""Open 24 hours"", ""Friday"": ""Open 24 hours"", ""Saturday"": ""Open 24 hours"", ""Sunday"": ""Open 24 hours""}",5,3,ChIJi1RDWEJDOToR99NHwIIP7_Q,https://www.google.com/maps/search/?api=1&query=The%20Esthetic%20Clinics&query_place_id=ChIJi1RDWEJDOToR99NHwIIP7_Q,https://streetviewpixels-pa.googleapis.com/v1/thumbnail?panoid=MoVt_moug1EgX7nqs2znPg&cb_client=search.gws-prod.gps&w=408&h=240&yaw=94.52466&pitch=0&thumbfov=100,,vzg.theestheticclinics.2@antidote-temp.com,FALSE,pending,unclaimed
Dr. Sreedhar Aesthetics,dr-sreedhar-aesthetics,,"1st Floor, MVV Neeladri Building, Collector's Office Rd, Srirangapuram, Krishna Nagar, Maharani Peta, Visakhapatnam, Andhra Pradesh 530002, India",Visakhapatnam,Andhra Pradesh,India,530002,17.7089001,83.3098349,919059200868,,https://www.drsreedharaesthetics.in/,"Plastic surgeon, Cosmetic surgeon","{""Monday"": ""9\u202fAM to 9\u202fPM"", ""Tuesday"": ""9\u202fAM to 9\u202fPM"", ""Wednesday"": ""9\u202fAM to 9\u202fPM"", ""Thursday"": ""9\u202fAM to 9\u202fPM"", ""Friday"": ""9\u202fAM to 9\u202fPM"", ""Saturday"": ""9\u202fAM to 9\u202fPM"", ""Sunday"": ""9\u202fAM to 1\u202fPM""}",5,34,ChIJA1vvhUpDOToRV0OM8-TAQ3Q,https://www.google.com/maps/search/?api=1&query=Dr.%20Sreedhar%20Aesthetics&query_place_id=ChIJA1vvhUpDOToRV0OM8-TAQ3Q,https://lh3.googleusercontent.com/p/AF1QipPyD2J6Pk2DXBZCfIB3BJDQuIAXmqcO98pdkI4e=w408-h306-k-no,"Digital Payments, Appointment Required",vzg.drsreedharaesthetics.3@antidote-temp.com,FALSE,pending,unclaimed
"VJ’s Cosmetology Skin Clinic Vizag - Acne, Pigmentation, Skin Whitening & Laser Hair Removal in Vizag | Skin Clinic in Vizag",vjs-cosmetology-skin-clinic-vizag-acne-pigmentation-skin-whitening-laser-hair-removal-in-vizag-skin-clinic-in-vizag,,"Laser hair Removal in, Vinayagar Kosala, beside Sarvani Sweets, Asilmetta Junction, Ram Nagar, Visakhapatnam, Andhra Pradesh 530003, India",Visakhapatnam,Andhra Pradesh,India,530003,17.724136,83.308877,919849797776,,http://vjcosmetologyclinics.com/,"Skin care clinic, Cosmetic surgeon, Hair removal service, Hair transplantation clinic, Laser hair removal service, Tattoo removal service","{""Monday"": ""Open 24 hours"", ""Tuesday"": ""Open 24 hours"", ""Wednesday"": ""Open 24 hours"", ""Thursday"": ""Open 24 hours"", ""Friday"": ""Open 24 hours"", ""Saturday"": ""Open 24 hours"", ""Sunday"": ""Open 24 hours""}",5,223,ChIJAQAAsEBDOToR1hupytK-YEo,https://www.google.com/maps/search/?api=1&query=VJ%E2%80%99s%20Cosmetology%20Skin%20Clinic%20Vizag%20-%20Acne%2C%20Pigmentation%2C%20Skin%20Whitening%20%26%20Laser%20Hair%20Removal%20in%20Vizag%20%7C%20Skin%20Clinic%20in%20Vizag&query_place_id=ChIJAQAAsEBDOToR1hupytK-YEo,https://lh3.googleusercontent.com/p/AF1QipP_OgVYuotuHxXZl0-VqSPJKqQxrYKEnNiPUiq9=w408-h725-k-no,"Credit Cards Accepted, Appointment Required",vzg.vjscosmetologyskincl.5@antidote-temp.com,FALSE,pending,unclaimed
VJ Clinics - Hair Loss Treatment Clinic in Vizag | PRP Treatment | GFC Treatment | Best Plastic Surgeon in Vizag,vj-clinics-hair-loss-treatment-clinic-in-vizag-prp-treatment-gfc-treatment-best-plastic-surgeon-in-vizag,,"4th Floor, hair clinic in, KGH Down Rd, opp. indus hospital, Jagadamba, Jagadamba Junction, Visakhapatnam, Andhra Pradesh 530002, India",Visakhapatnam,Andhra Pradesh,India,530002,17.7109642,83.3026854,919849797776,,https://vjclinics.com/,"Plastic surgeon, Hair replacement service","{""Monday"": ""Open 24 hours"", ""Tuesday"": ""Open 24 hours"", ""Wednesday"": ""Open 24 hours"", ""Thursday"": ""Open 24 hours"", ""Friday"": ""Open 24 hours"", ""Saturday"": ""Open 24 hours"", ""Sunday"": ""Open 24 hours""}",4.8,16,ChIJq6pq7RpDOToRQ4s3dpCw-bo,https://www.google.com/maps/search/?api=1&query=VJ%20Clinics%20-%20Hair%20Loss%20Treatment%20Clinic%20in%20Vizag%20%7C%20PRP%20Treatment%20%7C%20GFC%20Treatment%20%7C%20Best%20Plastic%20Surgeon%20in%20Vizag&query_place_id=ChIJq6pq7RpDOToRQ4s3dpCw-bo,https://lh3.googleusercontent.com/p/AF1QipNH88la0eZPcOEHLi0FxVUgVdm2U6HKmhY5jd9_=w408-h272-k-no,,vzg.vjclinicshairlosstre.6@antidote-temp.com,FALSE,pending,unclaimed
Dr. VJs Cosmetic Surgery Hair Transplant - Best Liposuction & Gynecomastia Surgery in Vizag | Hair Clinic in Vizag,dr-vjs-cosmetic-surgery-hair-transplant-best-liposuction-gynecomastia-surgery-in-vizag-hair-clinic-in-vizag,,"4th Floor, KGH Down Rd, opp. indus hospital, Jagadamba, Jagadamba Junction, Visakhapatnam, Andhra Pradesh 530002, India",Visakhapatnam,Andhra Pradesh,India,530002,17.7109642,83.3026854,919849797776,,https://vjclinics.com/,"Hair transplantation clinic, Cosmetic surgeon, Dermatologist, Hair extension technician, Hair removal service, Hair replacement service, Laser hair removal service, Skin care clinic","{""Monday"": ""Open 24 hours"", ""Tuesday"": ""Open 24 hours"", ""Wednesday"": ""Open 24 hours"", ""Thursday"": ""Open 24 hours"", ""Friday"": ""Open 24 hours"", ""Saturday"": ""Open 24 hours"", ""Sunday"": ""Open 24 hours""}",4.8,382,ChIJq6pq7RpDOToRZE0sZdiVzMs,https://www.google.com/maps/search/?api=1&query=Dr.%20VJs%20Cosmetic%20Surgery%20Hair%20Transplant%20-%20Best%20Liposuction%20%26%20Gynecomastia%20Surgery%20in%20Vizag%20%7C%20Hair%20Clinic%20in%20Vizag&query_place_id=ChIJq6pq7RpDOToRZE0sZdiVzMs,https://lh3.googleusercontent.com/p/AF1QipM6pYlegszeB9ogb2v4rcz7MD7L59QhV3-OtBKM=w408-h272-k-no,"Wheelchair Accessible, Digital Payments",vzg.drvjscosmeticsurgery.7@antidote-temp.com,FALSE,pending,unclaimed
Dr. Anjali Saple,dr-anjali-saple,,"Seven Hills Hospital, Andhra Pradesh 530003, India",Visakhapatnam,Andhra Pradesh,India,530003,17.7173716,83.309408,919182084160,,https://www.dranjalisaple.com/,"Plastic surgeon, Surgeon","{""Monday"": ""10\u202fAM to 8\u202fPM"", ""Tuesday"": ""10\u202fAM to 8\u202fPM"", ""Wednesday"": ""10\u202fAM to 8\u202fPM"", ""Thursday"": ""10\u202fAM to 8\u202fPM"", ""Friday"": ""10\u202fAM to 8\u202fPM"", ""Saturday"": ""10\u202fAM to 8\u202fPM"", ""Sunday"": ""Closed""}",4.9,410,ChIJj8yMqoFDOToRudYeFugwW_0,https://www.google.com/maps/search/?api=1&query=Dr.%20Anjali%20Saple&query_place_id=ChIJj8yMqoFDOToRudYeFugwW_0,https://lh3.googleusercontent.com/p/AF1QipNC1iNq3_Cj3fOl9QfYLrbQwIh3huNVHmKui3uB=w408-h408-k-no,Wheelchair Accessible,vzg.dranjalisaple.8@antidote-temp.com,FALSE,pending,unclaimed
Dr. Krishna Prasad Prusty,dr-krishna-prasad-prusty,,"Chamber No. G3, 1st Floor BVS Residency, opp. Doctors Enclave, beside Baba Hospital, Maharani Peta, Visakhapatnam, Andhra Pradesh 530002, India",Visakhapatnam,Andhra Pradesh,India,530002,17.7082797,83.308972,919985854899,,https://www.visakhapatnamdoctors.com/dr-krishna-prasad-prusty-plastic-cosmetic-surgeon.html,"Plastic surgeon, Cosmetic surgeon","{""Monday"": ""10\u202fAM to 9\u202fPM"", ""Tuesday"": ""10\u202fAM to 9\u202fPM"", ""Wednesday"": ""10\u202fAM to 9\u202fPM"", ""Thursday"": ""10\u202fAM to 9\u202fPM"", ""Friday"": ""10\u202fAM to 9\u202fPM"", ""Saturday"": ""10\u202fAM to 9\u202fPM"", ""Sunday"": ""10\u202fAM to 9\u202fPM""}",5,11,ChIJu8jEU35DOToRdZgUHzfW2qs,https://www.google.com/maps/search/?api=1&query=Dr.%20Krishna%20Prasad%20Prusty&query_place_id=ChIJu8jEU35DOToRdZgUHzfW2qs,https://lh3.googleusercontent.com/p/AF1QipOHabz5CC24-aDk7Bp_1Y9jbh8BF2LIbNgkxODH=w408-h326-k-no,,vzg.drkrishnaprasadprust.9@antidote-temp.com,FALSE,pending,unclaimed
Dr. Sunita G - Best Plastic surgeon in Visakhapatnam | Apollo Hospitals,dr-sunita-g-best-plastic-surgeon-in-visakhapatnam-apollo-hospitals,,"10-50-80, Waltair Main Rd, Ram Nagar, Visakhapatnam, Andhra Pradesh 530002, India",Visakhapatnam,Andhra Pradesh,India,530002,17.7229199,83.3175028,918069049772,,https://www.askapollo.com/doctors/plastic-surgeon/visakhapatnam/dr-sunita-ghanta,"Plastic surgeon, Cosmetic surgeon, Plastic surgery clinic, Transplant surgeon","{""Monday"": ""9\u202fAM to 6\u202fPM"", ""Tuesday"": ""9\u202fAM to 6\u202fPM"", ""Wednesday"": ""9\u202fAM to 6\u202fPM"", ""Thursday"": ""9\u202fAM to 6\u202fPM"", ""Friday"": ""9\u202fAM to 6\u202fPM"", ""Saturday"": ""9\u202fAM to 6\u202fPM"", ""Sunday"": ""Closed""}",5,1,ChIJ3RTuXhxDOToR40_gvhktFtw,https://www.google.com/maps/search/?api=1&query=Dr.%20Sunita%20G%20-%20Best%20Plastic%20surgeon%20in%20Visakhapatnam%20%7C%20Apollo%20Hospitals&query_place_id=ChIJ3RTuXhxDOToR40_gvhktFtw,https://streetviewpixels-pa.googleapis.com/v1/thumbnail?panoid=fZG2AcG5kC2guIbOVBitSA&cb_client=search.gws-prod.gps&w=408&h=240&yaw=111.174446&pitch=0&thumbfov=100,"Wheelchair Accessible, Digital Payments, Appointment Required",vzg.drsunitagbestplastic.10@antidote-temp.com,FALSE,pending,unclaimed
KALON Hair Transplant & Cosmetic Clinic | Best Hair Transplant Clinic in Visakhapatnam | Hair Clinic in Vizag,kalon-hair-transplant-cosmetic-clinic-best-hair-transplant-clinic-in-visakhapatnam-hair-clinic-in-vizag,,"50-81-41/7, first floor, kn plaza, Seethammapeta Main Rd, beside vijaya medical centre, Seetamma Peta, Dwaraka Nagar, Visakhapatnam, Andhra Pradesh 530016, India",Visakhapatnam,Andhra Pradesh,India,530016,17.7334444,83.3066998,918374414141,,http://kaloncosmeticclinics.com/,"Hair transplantation clinic, Laser hair removal service, Skin care clinic","{""Monday"": ""9:30\u202fAM to 9\u202fPM"", ""Tuesday"": ""9:30\u202fAM to 9\u202fPM"", ""Wednesday"": ""9:30\u202fAM to 9\u202fPM"", ""Thursday"": ""9:30\u202fAM to 9\u202fPM"", ""Friday"": ""9:30\u202fAM to 9\u202fPM"", ""Saturday"": ""9:30\u202fAM to 9\u202fPM"", ""Sunday"": ""10\u202fAM to 6:30\u202fPM""}",5,59,ChIJ_____yRDOToR1VjlVjhQqVA,https://www.google.com/maps/search/?api=1&query=KALON%20Hair%20Transplant%20%26%20Cosmetic%20Clinic%20%7C%20Best%20Hair%20Transplant%20Clinic%20in%20Visakhapatnam%20%7C%20Hair%20Clinic%20in%20Vizag&query_place_id=ChIJ_____yRDOToR1VjlVjhQqVA,https://lh3.googleusercontent.com/p/AF1QipOw3G98v2HbafA5zdOpS9tkAdC3-y4NhRIIvrJF=w480-h240-k-no,Digital Payments,vzg.kalonhairtransplantc.12@antidote-temp.com,FALSE,pending,unclaimed
Sarmista Cosmetic plasticSurgery andLaser SurgeryCentre,sarmista-cosmetic-plasticsurgery-andlaser-surgerycentre,,"Flat No 203,vishnu Surya Prabha Paradise, K.G.H.uproad, Maharanipeta, Visakhapatnam, Andhra Pradesh 530002, India",Visakhapatnam,Andhra Pradesh,India,530002,17.7105271,83.3037383,919849506392,,,Medical clinic,,2,1,ChIJEwAAAKlEOToRarHcFTgNl7U,https://www.google.com/maps/search/?api=1&query=Sarmista%20Cosmetic%20plasticSurgery%20andLaser%20SurgeryCentre&query_place_id=ChIJEwAAAKlEOToRarHcFTgNl7U,https://streetviewpixels-pa.googleapis.com/v1/thumbnail?panoid=ByLWzaUdy4v09IxOiqKz_A&cb_client=search.gws-prod.gps&w=408&h=240&yaw=15.409419&pitch=0&thumbfov=100,,vzg.sarmistacosmeticplas.13@antidote-temp.com,FALSE,pending,unclaimed
Dr Jaya's Exult Aesthetic Clinic | Hair transplant clinic | Breast clinic | skin clinic | Liposuction clinic,dr-jayas-exult-aesthetic-clinic-hair-transplant-clinic-breast-clinic-skin-clinic-liposuction-clinic,,"10-2-B2, Opp Dutt Island building, Siripuram, above Bubbles Beauty Spa, Visakhapatnam, Andhra Pradesh 530003, India",Visakhapatnam,Andhra Pradesh,India,530003,17.7237505,83.3175755,917095678678,,https://exultclinics.com/,"Hair transplantation clinic, Dermatologist, Laser hair removal service, Plastic surgeon, Skin care clinic","{""Monday"": ""10\u202fAM to 8\u202fPM"", ""Tuesday"": ""10\u202fAM to 8\u202fPM"", ""Wednesday"": ""10\u202fAM to 8\u202fPM"", ""Thursday"": ""10\u202fAM to 8\u202fPM"", ""Friday"": ""10\u202fAM to 8\u202fPM"", ""Saturday"": ""10\u202fAM to 8\u202fPM"", ""Sunday"": ""Closed""}",4.9,701,ChIJs62FqEFDOToRcpv6WIxnwCA,https://www.google.com/maps/search/?api=1&query=Dr%20Jaya's%20Exult%20Aesthetic%20Clinic%20%7C%20Hair%20transplant%20clinic%20%7C%20Breast%20clinic%20%7C%20skin%20clinic%20%7C%20Liposuction%20clinic&query_place_id=ChIJs62FqEFDOToRcpv6WIxnwCA,https://lh3.googleusercontent.com/p/AF1QipOhWnMTk19HWihuYhc8xPhmNq1FIQFXNiDI5bFC=w427-h240-k-no,"Wheelchair Accessible, Digital Payments",vzg.drjayasexultaestheti.14@antidote-temp.com,FALSE,pending,unclaimed
MAC Aesthetics,mac-aesthetics,,"3 d floor, 47-3-25, Seethammapeta Main Rd, above starbucks, Dwaraka Nagar, Visakhapatnam, Andhra Pradesh 530016, India",Visakhapatnam,Andhra Pradesh,India,530016,17.7283523,83.3063413,919666308080,,https://macaesthetics.in/,"Skin care clinic, Dermatologist, Hair transplantation clinic, Plastic surgeon","{""Monday"": ""9\u202fAM to 10\u202fPM"", ""Tuesday"": ""9\u202fAM to 10\u202fPM"", ""Wednesday"": ""9\u202fAM to 10\u202fPM"", ""Thursday"": ""9\u202fAM to 10\u202fPM"", ""Friday"": ""9\u202fAM to 10\u202fPM"", ""Saturday"": ""9\u202fAM to 10\u202fPM"", ""Sunday"": ""9\u202fAM to 10\u202fPM""}",4.8,506,ChIJrY2N3QlDOToRn1YjxZnoeW4,https://www.google.com/maps/search/?api=1&query=MAC%20Aesthetics&query_place_id=ChIJrY2N3QlDOToRn1YjxZnoeW4,https://lh3.googleusercontent.com/p/AF1QipOa9L1Ns7PwaswCt0GCqpbkb3zpn6XtLLVpoXpa=w408-h306-k-no,Digital Payments,vzg.macaesthetics.15@antidote-temp.com,FALSE,pending,unclaimed
The Bay Aesthetics Vizag,the-bay-aesthetics-vizag,,"G-1, Akshaya Harmony, beside Kanaka Durga Hospital, Krishnagar, Krishna Nagar, Maharani Peta, Visakhapatnam, Andhra Pradesh 530002, India",Visakhapatnam,Andhra Pradesh,India,530002,17.7103016,83.3127935,916305316300,,https://thebayaesthetics.in/,"Skin care clinic, Dermatologist, Hair transplantation clinic, Laser hair removal service","{""Monday"": ""10\u202fAM to 7\u202fPM"", ""Tuesday"": ""10\u202fAM to 7\u202fPM"", ""Wednesday"": ""10\u202fAM to 7\u202fPM"", ""Thursday"": ""10\u202fAM to 7\u202fPM"", ""Friday"": ""10\u202fAM to 8\u202fPM"", ""Saturday"": ""10\u202fAM to 8\u202fPM"", ""Sunday"": ""Closed""}",5,206,ChIJCdm0X61DOToRv4oI6Z_Md-c,https://www.google.com/maps/search/?api=1&query=The%20Bay%20Aesthetics%20Vizag&query_place_id=ChIJCdm0X61DOToRv4oI6Z_Md-c,https://lh3.googleusercontent.com/p/AF1QipN1nfh3XqaPTvYRmOdU7jq7B7jVA0kbgZz7ezE=w408-h306-k-no,Credit Cards Accepted,vzg.thebayaestheticsviza.16@antidote-temp.com,FALSE,pending,unclaimed
Oasis Aesthetics by Dr.Ardra Kilaparti | A Luxe Cosmetic Skin Care | Advanced Cosmetology | Best Anti Ageing & Skin Care,oasis-aesthetics-by-drardra-kilaparti-a-luxe-cosmetic-skin-care-advanced-cosmetology-best-anti-ageing-skin-care,,"1st Floor, Peejay Plaza, VIP Rd, CBM Compound, Siripuram, Visakhapatnam, Andhra Pradesh 530003, India",Visakhapatnam,Andhra Pradesh,India,530003,17.7254211,83.3167287,917799111633,,https://www.oasiskin.in/,Skin care clinic,"{""Monday"": ""10\u202fAM to 8\u202fPM"", ""Tuesday"": ""10\u202fAM to 8\u202fPM"", ""Wednesday"": ""10\u202fAM to 8\u202fPM"", ""Thursday"": ""10\u202fAM to 8\u202fPM"", ""Friday"": ""10\u202fAM to 8\u202fPM"", ""Saturday"": ""10\u202fAM to 8\u202fPM"", ""Sunday"": ""Closed""}",5,36,ChIJza0bIORDOToR1PTReMtVTaU,https://www.google.com/maps/search/?api=1&query=Oasis%20Aesthetics%20by%20Dr.Ardra%20Kilaparti%20%7C%20A%20Luxe%20Cosmetic%20Skin%20Care%20%7C%20Advanced%20Cosmetology%20%7C%20Best%20Anti%20Ageing%20%26%20Skin%20Care&query_place_id=ChIJza0bIORDOToR1PTReMtVTaU,https://lh3.googleusercontent.com/p/AF1QipPCOhlsq2dX_RPjdXq1AJvM1x0m6W3ak6BJUWNE=w408-h611-k-no,"Digital Payments, Appointment Required",vzg.oasisaestheticsbydra.17@antidote-temp.com,FALSE,pending,unclaimed
Elan Aesthetics,elan-aesthetics,,"3rd Floor, Balaji's Mangalagiri Chambers, Tycoon Building, 4G, VIP Rd, near Siripuram Junction, CBM Compound, Asilmetta, Visakhapatnam, Andhra Pradesh 530003, India",Visakhapatnam,Andhra Pradesh,India,530003,17.7254715,83.3172173,919642422333,,http://www.elanaesthetics.in/,"Skin care clinic, Hair transplantation clinic, Laser hair removal service, Permanent make-up clinic","{""Monday"": ""9:30\u202fAM to 8\u202fPM"", ""Tuesday"": ""9:30\u202fAM to 8\u202fPM"", ""Wednesday"": ""9:30\u202fAM to 8\u202fPM"", ""Thursday"": ""9:30\u202fAM to 8\u202fPM"", ""Friday"": ""9:30\u202fAM to 8\u202fPM"", ""Saturday"": ""9:30\u202fAM to 8\u202fPM"", ""Sunday"": ""9:30\u202fAM to 8\u202fPM""}",5,46,ChIJPRkgEABDOToR-n50kgslF5k,https://www.google.com/maps/search/?api=1&query=Elan%20Aesthetics&query_place_id=ChIJPRkgEABDOToR-n50kgslF5k,https://lh3.googleusercontent.com/p/AF1QipOWg6RvUJOTMQbK4kTIPx1n4ynQ_C2V8BxQEbYY=w408-h278-k-no,,vzg.elanaesthetics.18@antidote-temp.com,FALSE,pending,unclaimed
Anns Aesthetics,anns-aesthetics,,"Flat no: 5, 1st Floor, Vizag Tower, 10-4-18/3, Opp. Hotel Meghalaya, Asilmetta, Viskapatanam, Visakhapatnam, Andhra Pradesh 530003, India",Visakhapatnam,Andhra Pradesh,India,530003,17.7239171,83.3094354,919703397764,,https://annsaesthetics.com/,"Hair transplantation clinic, Dermatologist, Laser hair removal service, Medical clinic, Permanent make-up clinic, Skin care clinic","{""Monday"": ""9\u202fAM to 8\u202fPM"", ""Tuesday"": ""9\u202fAM to 8\u202fPM"", ""Wednesday"": ""9\u202fAM to 8\u202fPM"", ""Thursday"": ""9\u202fAM to 8\u202fPM"", ""Friday"": ""9\u202fAM to 8\u202fPM"", ""Saturday"": ""9\u202fAM to 8\u202fPM"", ""Sunday"": ""9\u202fAM to 8\u202fPM""}",5,44,ChIJRSTtsppDOToR-CRB82j9fmg,https://www.google.com/maps/search/?api=1&query=Anns%20Aesthetics&query_place_id=ChIJRSTtsppDOToR-CRB82j9fmg,https://lh3.googleusercontent.com/p/AF1QipMjPWNwiwoHVfUsnkB-Uh-htMhveRWwsrByHGa3=w408-h306-k-no,,vzg.annsaesthetics.19@antidote-temp.com,FALSE,pending,unclaimed
Ayla Skin & Hair Clinic,ayla-skin-hair-clinic,,"D.No. 47-14-3, 1st Floor, Potluri Classic, Dwarakanagar Rd, beside AU Bank, Ram Nagar, Visakhapatnam, Andhra Pradesh 530016, India",Visakhapatnam,Andhra Pradesh,India,530016,17.7271021,83.3065428,917842554266,,https://aylaskinclinics.com/,"Skin care clinic, Cosmetic surgeon, Dermatologist","{""Monday"": ""10\u202fAM to 8\u202fPM"", ""Tuesday"": ""10\u202fAM to 8\u202fPM"", ""Wednesday"": ""10\u202fAM to 8\u202fPM"", ""Thursday"": ""10\u202fAM to 8\u202fPM"", ""Friday"": ""10\u202fAM to 8\u202fPM"", ""Saturday"": ""10\u202fAM to 8\u202fPM"", ""Sunday"": ""Closed""}",5,219,ChIJgYo_1FNDOToRkoIdt_qlan0,https://www.google.com/maps/search/?api=1&query=Ayla%20Skin%20%26%20Hair%20Clinic&query_place_id=ChIJgYo_1FNDOToRkoIdt_qlan0,https://lh3.googleusercontent.com/p/AF1QipP-bb4hXf7E_zlOoKPLRjOmVCPT5PLkAzmibbst=w427-h240-k-no,"Credit Cards Accepted, Appointment Required",vzg.aylaskinhairclinic.20@antidote-temp.com,FALSE,pending,unclaimed
Cosmediq Clinic || Skin Clinic in Visakhapatnam,cosmediq-clinic-skin-clinic-in-visakhapatnam,,"D.No.10-50-81, Lalitha Nivas, Waltair Main Rd, above Vasan Eye Care, opp. Lazarus Hospital, Ram Nagar, Visakhapatnam, Andhra Pradesh 530002, India",Visakhapatnam,Andhra Pradesh,India,530002,17.7169307,83.3087252,918886667969,,https://cosmediqclinic.com/?utm_source=google&utm_medium=organic&utm_campaign=gbp_rn&utm_id=gbp_website&utm_content=home,"Skin care clinic, Dermatologist, Hair transplantation clinic, Laser hair removal service, Tattoo removal service","{""Monday"": ""10\u202fAM to 8\u202fPM"", ""Tuesday"": ""10\u202fAM to 8\u202fPM"", ""Wednesday"": ""10\u202fAM to 8\u202fPM"", ""Thursday"": ""10\u202fAM to 8\u202fPM"", ""Friday"": ""10\u202fAM to 8\u202fPM"", ""Saturday"": ""10\u202fAM to 8\u202fPM"", ""Sunday"": ""Closed""}",4.8,443,ChIJLw-P4OtDOToRILuCVoCTFPY,https://www.google.com/maps/search/?api=1&query=Cosmediq%20Clinic%20%7C%7C%20Skin%20Clinic%20in%20Visakhapatnam&query_place_id=ChIJLw-P4OtDOToRILuCVoCTFPY,https://lh3.googleusercontent.com/gps-cs-s/AC9h4nr9KTzhdnMqshM5sKHan0xwVrn9CQsjnDcN_ge1MKrSFnYv9ueT-YshVVX3lKrwCPpPa8aY-x04ZckFcHGT2CnUPz2H8Y-P2VnDZHUUV2w4EDzz2mbPKa4hO-ZXeI6sEZVkQNUD8A=w408-h272-k-no,"Credit Cards Accepted, Appointment Required",vzg.cosmediqclinicskincl.21@antidote-temp.com,FALSE,pending,unclaimed
Shape and Skin,shape-and-skin,,"Plot No: 19, Door No: 7-5-93, Pandurangapuram, Visakhapatnam, Andhra Pradesh 530003, India",Visakhapatnam,Andhra Pradesh,India,530003,17.71703,83.3214365,919885847478,,http://shapeandskin.in/,"Skin care clinic, Hair transplantation clinic, Laser hair removal service, Permanent make-up clinic","{""Monday"": ""7\u202fAM to 8\u202fPM"", ""Tuesday"": ""7\u202fAM to 8\u202fPM"", ""Wednesday"": ""7\u202fAM to 8\u202fPM"", ""Thursday"": ""7\u202fAM to 8\u202fPM"", ""Friday"": ""7\u202fAM to 8\u202fPM"", ""Saturday"": ""7\u202fAM to 8\u202fPM"", ""Sunday"": ""7\u202fAM to 8\u202fPM""}",4.9,272,ChIJm2bl5dtDOToRF1p4dNAGwOk,https://www.google.com/maps/search/?api=1&query=Shape%20and%20Skin&query_place_id=ChIJm2bl5dtDOToRF1p4dNAGwOk,https://lh3.googleusercontent.com/p/AF1QipOcR9TFsKorNI-DUoNinwoGHXy6UhiDlp2uMPA=w408-h271-k-no,"Wheelchair Accessible, Credit Cards Accepted",vzg.shapeandskin.22@antidote-temp.com,FALSE,pending,unclaimed
14twentyeight,14twentyeight,,"Sowbhagya Apartments, VIP Rd, CBM Compound, Asilmetta, Visakhapatnam, Andhra Pradesh 530003, India",Visakhapatnam,Andhra Pradesh,India,530003,17.7258255,83.3166244,,,https://14twentyeight.com/,"Skin care clinic, Dermatologist, Health consultant","{""Monday"": ""11\u202fAM to 7\u202fPM"", ""Tuesday"": ""11\u202fAM to 7\u202fPM"", ""Wednesday"": ""11\u202fAM to 7\u202fPM"", ""Thursday"": ""Closed"", ""Friday"": ""11\u202fAM to 8\u202fPM"", ""Saturday"": ""11\u202fAM to 8\u202fPM"", ""Sunday"": ""11\u202fAM to 8\u202fPM""}",4.9,33,ChIJ_RC5pQtDOToRjyMUQYbo0Co,https://www.google.com/maps/search/?api=1&query=14twentyeight&query_place_id=ChIJ_RC5pQtDOToRjyMUQYbo0Co,https://lh3.googleusercontent.com/gps-cs-s/AC9h4nqJx1YjsvbvwbBYjrhxNE7f3gLaEe7MbSsIFP4c8jWHscTqpP9Uc2ILP974XyWHgv7mBYpUdyVUV4BuYwv1aCfcwlqaRvQ0XUy_Ds2taOAewnZvksqnoBbc_PrtCRa--xCrHfPe=w426-h240-k-no,"Credit Cards Accepted, Appointment Required",vzg.14twentyeight.23@antidote-temp.com,FALSE,pending,unclaimed
Dr. Siddartha Palli | Top Plastic Surgeon in Vizag | CARE Hospitals Vizag,dr-siddartha-palli-top-plastic-surgeon-in-vizag-care-hospitals-vizag,,"10-50, AS Raja Complex, CARE Hospitals, Ground Floor , Room no. 11, 11/5, Waltair Main Rd, Ram Nagar, Visakhapatnam, Andhra Pradesh 530002, India",Visakhapatnam,Andhra Pradesh,India,530002,17.7202758,83.3126233,914068106585,,https://www.carehospitals.com/doctor/visakhapatnam/p-siddartha-palli-plastic-surgeon,Plastic surgeon,"{""Monday"": ""10\u202fAM to 1\u202fPM, 4 to 5:30\u202fPM"", ""Tuesday"": ""10\u202fAM to 1\u202fPM, 4 to 5:30\u202fPM"", ""Wednesday"": ""10\u202fAM to 1\u202fPM, 4 to 5:30\u202fPM"", ""Thursday"": ""10\u202fAM to 1\u202fPM, 4 to 5:30\u202fPM"", ""Friday"": ""10\u202fAM to 1\u202fPM, 4 to 5:30\u202fPM"", ""Saturday"": ""10\u202fAM to 1\u202fPM, 4 to 5:30\u202fPM"", ""Sunday"": ""Closed""}",5,4,ChIJDTygAC5DOToRICIDrjxf4-Y,https://www.google.com/maps/search/?api=1&query=Dr.%20Siddartha%20Palli%20%7C%20Top%20Plastic%20Surgeon%20in%20Vizag%20%7C%20CARE%20Hospitals%20Vizag&query_place_id=ChIJDTygAC5DOToRICIDrjxf4-Y,https://lh3.googleusercontent.com/p/AF1QipN2p4MO2SqrYb8mTEgdQKpBASuuUGpBGprruQrs=w408-h408-k-no,"Wheelchair Accessible, Appointment Required",vzg.drsiddarthapallitopp.25@antidote-temp.com,FALSE,pending,unclaimed
Dr. C. V. Subba Reddy,dr-c-v-subba-reddy,,"MVV Chambers, opp. KGH Down Road, Opp KGH OP Gate, Maharani Peta, Visakhapatnam, Andhra Pradesh 530002, India",Visakhapatnam,Andhra Pradesh,India,530002,17.7100965,83.3055666,919848023854,,http://www.cvsreddy.com/,Plastic surgeon,"{""Monday"": ""6 to 8\u202fPM"", ""Tuesday"": ""6 to 8\u202fPM"", ""Wednesday"": ""6 to 8\u202fPM"", ""Thursday"": ""6 to 8\u202fPM"", ""Friday"": ""6 to 8\u202fPM"", ""Saturday"": ""6 to 8\u202fPM"", ""Sunday"": ""Closed""}",5,11,ChIJGyJ1gj5DOToR0_ve37sh_Jg,https://www.google.com/maps/search/?api=1&query=Dr.%20C.%20V.%20Subba%20Reddy&query_place_id=ChIJGyJ1gj5DOToR0_ve37sh_Jg,https://streetviewpixels-pa.googleapis.com/v1/thumbnail?panoid=FjYJCqyJOOSkU9ckHTd-ZA&cb_client=search.gws-prod.gps&w=408&h=240&yaw=80.404465&pitch=0&thumbfov=100,,vzg.drcvsubbareddy.26@antidote-temp.com,FALSE,pending,unclaimed
Premier Cosmetic Surgery,premier-cosmetic-surgery,,"2nd Floor, Praveen Plaza, VIP Rd, Opp.Suzuki Showroom, CBM Compound, Siripuram, Visakhapatnam, Andhra Pradesh 530003, India",Visakhapatnam,Andhra Pradesh,India,530003,17.7259948,83.3165165,918912500500,,,Plastic surgeon,"{""Monday"": ""9\u202fAM to 8\u202fPM"", ""Tuesday"": ""9\u202fAM to 8\u202fPM"", ""Wednesday"": ""9\u202fAM to 8\u202fPM"", ""Thursday"": ""9\u202fAM to 8\u202fPM"", ""Friday"": ""9\u202fAM to 8\u202fPM"", ""Saturday"": ""9\u202fAM to 8\u202fPM"", ""Sunday"": ""Closed""}",,0,ChIJredhwkBDOToRmeMJHzIdXz0,https://www.google.com/maps/search/?api=1&query=Premier%20Cosmetic%20Surgery&query_place_id=ChIJredhwkBDOToRmeMJHzIdXz0,https://streetviewpixels-pa.googleapis.com/v1/thumbnail?panoid=HSd4MRHBMqRluVtPYRB5-g&cb_client=search.gws-prod.gps&w=408&h=240&yaw=247.65663&pitch=0&thumbfov=100,,vzg.premiercosmeticsurge.27@antidote-temp.com,FALSE,pending,unclaimed
Restore Plastic And Cosmetic Surgery Clinic,restore-plastic-and-cosmetic-surgery-clinic,,"MVV Chambers, 15-15-2, KGH Down Rd, Opp KGH OP Gate, Maharani Peta, Visakhapatnam, Andhra Pradesh 530002, India",Visakhapatnam,Andhra Pradesh,India,530002,17.7099124,83.305453,919848023854,,http://www.cvsreddy.com/,"Medical clinic, Hand surgeon, Plastic surgeon","{""Monday"": ""6 to 9\u202fPM"", ""Tuesday"": ""6 to 9\u202fPM"", ""Wednesday"": ""6 to 9\u202fPM"", ""Thursday"": ""6 to 9\u202fPM"", ""Friday"": ""6 to 9\u202fPM"", ""Saturday"": ""6 to 9\u202fPM"", ""Sunday"": ""Closed""}",1,1,ChIJK4iNPRBDOToRoFjPcICu00I,https://www.google.com/maps/search/?api=1&query=Restore%20Plastic%20And%20Cosmetic%20Surgery%20Clinic&query_place_id=ChIJK4iNPRBDOToRoFjPcICu00I,https://streetviewpixels-pa.googleapis.com/v1/thumbnail?panoid=IMPRFvyHjzEUuiOCMRa--g&cb_client=search.gws-prod.gps&w=408&h=240&yaw=106.87275&pitch=0&thumbfov=100,,vzg.restoreplasticandcos.28@antidote-temp.com,FALSE,pending,unclaimed
Touch International Institute of Hair Transplant And Plastic Surgery,touch-international-institute-of-hair-transplant-and-plastic-surgery,,"P8G8+2GV, Sampath Vinayaka Temple Rd, CBM Compound, Andhra University South Campus, Siripuram, Visakhapatnam, Andhra Pradesh 530003, India",Visakhapatnam,Andhra Pradesh,India,530003,17.7251155,83.3162899,918916579999,,,"Hair transplantation clinic, Plastic surgeon","{""Monday"": ""9\u202fAM to 1:30\u202fPM, 4 to 10\u202fPM"", ""Tuesday"": ""9\u202fAM to 1:30\u202fPM, 4 to 10\u202fPM"", ""Wednesday"": ""9\u202fAM to 1:30\u202fPM, 4 to 10\u202fPM"", ""Thursday"": ""9\u202fAM to 1:30\u202fPM, 4 to 10\u202fPM"", ""Friday"": ""9\u202fAM to 1:30\u202fPM, 4 to 10\u202fPM"", ""Saturday"": ""9\u202fAM to 1:30\u202fPM, 4 to 10\u202fPM"", ""Sunday"": ""9\u202fAM to 1:30\u202fPM""}",5,2,ChIJ_Th0AEFDOToRjWai8DT252k,https://www.google.com/maps/search/?api=1&query=Touch%20International%20Institute%20of%20Hair%20Transplant%20And%20Plastic%20Surgery&query_place_id=ChIJ_Th0AEFDOToRjWai8DT252k,https://lh3.googleusercontent.com/gps-proxy/ALd4DhEY5cgzIVsoIaEXJ8nBKkTnu3rdu4v-rKoU8RcahZqsD8Ax5ToIDaCuoiQhKDwpgkLbhp5to7NHAFP7ue-Xq_WjCs1zFR0J_7dgyH3GmREoR0zjAl47YD7bCi0OhAEFmxoh8uUnKM9kD_eGIOyjGJnw2tJfa-Ula7A_HAdFCXXaKpiRxzPUMoTAcHCC0NsFLZycStA=w426-h240-k-no,,vzg.touchinternationalin.29@antidote-temp.com,FALSE,pending,unclaimed
"SurgiKure | Laser Treatment for Piles, Fistula, Fissure | Stapler Circumcision | Varicose Veins & Gynaecomastia",surgikure-laser-treatment-for-piles-fistula-fissure-stapler-circumcision-varicose-veins-gynaecomastia,,"Chamber#7, 2nd Floor, Medilinks Polyclinic, TSN Colony, Railway New Colony, Visakhapatnam, Andhra Pradesh 530016, India",Visakhapatnam,Andhra Pradesh,India,530016,17.7269384,83.2976341,917670968977,,https://surgikure.com/?utm_source=google_profile&utm_campaign=localo&utm_medium=mainlink,Surgical center,"{""Monday"": ""Open 24 hours"", ""Tuesday"": ""Open 24 hours"", ""Wednesday"": ""Open 24 hours"", ""Thursday"": ""Open 24 hours"", ""Friday"": ""Open 24 hours"", ""Saturday"": ""Open 24 hours"", ""Sunday"": ""Open 24 hours""}",4.7,118,ChIJzUBCuy9DOToRe3YkdMHYeWM,https://www.google.com/maps/search/?api=1&query=SurgiKure%20%7C%20Laser%20Treatment%20for%20Piles%2C%20Fistula%2C%20Fissure%20%7C%20Stapler%20Circumcision%20%7C%20Varicose%20Veins%20%26%20Gynaecomastia&query_place_id=ChIJzUBCuy9DOToRe3YkdMHYeWM,https://streetviewpixels-pa.googleapis.com/v1/thumbnail?panoid=tN0aA2FP5MjnYSJOhLCAmw&cb_client=search.gws-prod.gps&w=408&h=240&yaw=275.6614&pitch=0&thumbfov=100,Digital Payments,vzg.surgikurelasertreatm.30@antidote-temp.com,FALSE,pending,unclaimed
Best Multispeciality Hospital in Visakhapatnam,best-multispeciality-hospital-in-visakhapatnam,,"Door No 43, 9201, Railway New Colony Rd, near Akshaya Hospital, Dondaparthy, Railway New Colony, Visakhapatnam, Andhra Pradesh 530016, India",Visakhapatnam,Andhra Pradesh,India,530016,17.7276305,83.2942835,918065105087,,https://www.pristyncare.com/visakhapatnam/c/proctology/?utm_source=gmb&utm_medium=organic&utm_campaign=11329238642925018896&utm_term=Hospital&utm_content=websitelink,"Hospital, Cosmetic surgeon, Obstetrician-gynecologist, Lasik surgeon, Ophthalmologist, Otolaryngologist, Plastic surgeon, Proctologist, Specialized hospital, Vascular surgeon","{""Monday"": ""Open 24 hours"", ""Tuesday"": ""Open 24 hours"", ""Wednesday"": ""Open 24 hours"", ""Thursday"": ""Open 24 hours"", ""Friday"": ""Open 24 hours"", ""Saturday"": ""Open 24 hours"", ""Sunday"": ""Open 24 hours""}",,0,ChIJfboCu_VDOToR9LZq5cpAzGw,https://www.google.com/maps/search/?api=1&query=Best%20Multispeciality%20Hospital%20in%20Visakhapatnam&query_place_id=ChIJfboCu_VDOToR9LZq5cpAzGw,https://lh3.googleusercontent.com/p/AF1QipPI4TAm8WT62GbSeiKype1OdmAuzWL7Y4998G7-=w408-h584-k-no,,vzg.bestmultispecialityh.31@antidote-temp.com,FALSE,pending,unclaimed
HK permanent makeup clinic,hk-permanent-makeup-clinic,,"1st floor, Varun Towers, block 40, kasturba marg, Siripuram, Visakhapatnam, Andhra Pradesh 530003, India",Visakhapatnam,Andhra Pradesh,India,530003,17.7197527,83.3196445,919000669656,,https://www.hkpmuclinic.com/,"Skin care clinic, Cosmetic surgeon, Dermatologist, Permanent make-up clinic","{""Monday"": ""10\u202fAM to 8\u202fPM"", ""Tuesday"": ""10\u202fAM to 8\u202fPM"", ""Wednesday"": ""10\u202fAM to 8\u202fPM"", ""Thursday"": ""10\u202fAM to 8\u202fPM"", ""Friday"": ""10\u202fAM to 8\u202fPM"", ""Saturday"": ""10\u202fAM to 8\u202fPM"", ""Sunday"": ""10\u202fAM to 8\u202fPM""}",4,52,ChIJNarH8C1DOToR2qwkNqSiqwo,https://www.google.com/maps/search/?api=1&query=HK%20permanent%20makeup%20clinic&query_place_id=ChIJNarH8C1DOToR2qwkNqSiqwo,https://lh3.googleusercontent.com/p/AF1QipPgFnEQhHZ8DEwsE_ut0HFuVlVibxK0KAZlWnhK=w408-h544-k-no,Credit Cards Accepted,vzg.hkpermanentmakeupcli.32@antidote-temp.com,FALSE,pending,unclaimed
Best Multispeciality Hospital in Visakhapatnam,best-multispeciality-hospital-in-visakhapatnam,,"15/13/12, Krishna Nagar Rd, near Collectorate Junction, Srirangapuram, Krishna Nagar, Maharani Peta, Visakhapatnam, Andhra Pradesh 530002, India",Visakhapatnam,Andhra Pradesh,India,530002,17.7082105,83.3105184,918065105104,,https://www.pristyncare.com/visakhapatnam/c/proctology/?utm_source=gmb&utm_medium=organic&utm_campaign=17571281033073685920&utm_term=Hospital&utm_content=websitelink,"Hospital, Cosmetic surgeon, Obstetrician-gynecologist, Lasik surgeon, Ophthalmologist, Otolaryngologist, Plastic surgeon, Proctologist, Specialized hospital, Vascular surgeon","{""Monday"": ""Open 24 hours"", ""Tuesday"": ""Open 24 hours"", ""Wednesday"": ""Open 24 hours"", ""Thursday"": ""Open 24 hours"", ""Friday"": ""Open 24 hours"", ""Saturday"": ""Open 24 hours"", ""Sunday"": ""Open 24 hours""}",,0,ChIJyU5CHLtDOToRJvc-JgiUh7U,https://www.google.com/maps/search/?api=1&query=Best%20Multispeciality%20Hospital%20in%20Visakhapatnam&query_place_id=ChIJyU5CHLtDOToRJvc-JgiUh7U,https://lh3.googleusercontent.com/p/AF1QipNukGBU2ULzHz0s9dO0by8XRLPoIKvdPeqFVTVR=w408-h584-k-no,,vzg.bestmultispecialityh.33@antidote-temp.com,FALSE,pending,unclaimed
"Skin Med Skin, Hair and Laser Cosmetology Center - Best Skin clinic in vizag",skin-med-skin-hair-and-laser-cosmetology-center-best-skin-clinic-in-vizag,,"Ground Floor, behind Apollo Pharmacy, Dutt Island, Ram Nagar, Visakhapatnam, Andhra Pradesh 530003, India",Visakhapatnam,Andhra Pradesh,India,530003,17.7239202,83.3182726,919391082255,,http://www.theskinmed.com/,"Tattoo removal service, Cosmetic surgeon, Dermatologist, Doctor, Hair removal service, Hair replacement service, Health consultant, Laser hair removal service, Medical Center, Skin care clinic","{""Monday"": ""10\u202fAM to 7\u202fPM"", ""Tuesday"": ""10\u202fAM to 7\u202fPM"", ""Wednesday"": ""10\u202fAM to 7\u202fPM"", ""Thursday"": ""10\u202fAM to 7\u202fPM"", ""Friday"": ""10\u202fAM to 7\u202fPM"", ""Saturday"": ""10\u202fAM to 7\u202fPM"", ""Sunday"": ""10\u202fAM to 2\u202fPM""}",4.8,730,ChIJ12-X13xDOToRsfVjH0FfdWw,https://www.google.com/maps/search/?api=1&query=Skin%20Med%20Skin%2C%20Hair%20and%20Laser%20Cosmetology%20Center%20-%20Best%20Skin%20clinic%20in%20vizag&query_place_id=ChIJ12-X13xDOToRsfVjH0FfdWw,https://lh3.googleusercontent.com/p/AF1QipOV90yoFetj2lvpp97RTcUc_O0IUrGsMG9xuIu-=w408-h272-k-no,Free Parking,vzg.skinmedskinhairandla.34@antidote-temp.com,FALSE,pending,unclaimed
"Layers Clinics | Best Skin, Hair, And Laser Clinics In Vizag",layers-clinics-best-skin-hair-and-laser-clinics-in-vizag,,"43-4-3, 1st Ln, near Sri Kanya Theatre, Sri Siddi Enclave, Railway New Colony, Visakhapatnam, Andhra Pradesh 530016, India",Visakhapatnam,Andhra Pradesh,India,530016,17.7267154,83.2934136,919000572727,,https://www.layersclinics.com/,"Skin care clinic, Dermatologist, Hair removal service, Hair transplantation clinic, Laser hair removal service, Nutritionist, Weight loss service","{""Monday"": ""10\u202fAM to 7\u202fPM"", ""Tuesday"": ""10\u202fAM to 7\u202fPM"", ""Wednesday"": ""10\u202fAM to 7\u202fPM"", ""Thursday"": ""10\u202fAM to 7\u202fPM"", ""Friday"": ""10\u202fAM to 7\u202fPM"", ""Saturday"": ""10\u202fAM to 7\u202fPM"", ""Sunday"": ""10\u202fAM to 7\u202fPM""}",4.7,100,ChIJLeBIysZDOToRVY6TY9OmrBg,https://www.google.com/maps/search/?api=1&query=Layers%20Clinics%20%7C%20Best%20Skin%2C%20Hair%2C%20And%20Laser%20Clinics%20In%20Vizag&query_place_id=ChIJLeBIysZDOToRVY6TY9OmrBg,https://lh3.googleusercontent.com/p/AF1QipMwr59I97db3wMHLUsU3UZ00axjfseJ89R8Sk_f=w408-h272-k-no,Credit Cards Accepted,vzg.layersclinicsbestski.35@antidote-temp.com,FALSE,pending,unclaimed
"Oliva Skin, Hair And Laser Clinic Dwaraka Nagar, Vizag: Laser Hair Removal, Acne Scar, PRP, Skin Whitening Treatments",oliva-skin-hair-and-laser-clinic-dwaraka-nagar-vizag-laser-hair-removal-acne-scar-prp-skin-whitening-treatments,,"Ground Floor, Plot No 244, Diamond Park Rd, next to Bajaj Electronics, Dwaraka Nagar, Visakhapatnam, Andhra Pradesh 530016, India",Visakhapatnam,Andhra Pradesh,India,530016,17.7256547,83.3037119,919205484584,,https://www.olivaclinic.com/vizag/skin-hair-specialists-dwaraka-nagar/?utm_source=BL&utm_medium=Website&utm_campaign=Vizag,"Tattoo removal service, Dermatologist, Hair removal service, Hair transplantation clinic, Laser hair removal service, Skin care clinic, Weight loss service","{""Monday"": ""10\u202fAM to 8\u202fPM"", ""Tuesday"": ""10\u202fAM to 8\u202fPM"", ""Wednesday"": ""10\u202fAM to 8\u202fPM"", ""Thursday"": ""10\u202fAM to 8\u202fPM"", ""Friday"": ""10\u202fAM to 8\u202fPM"", ""Saturday"": ""10\u202fAM to 8\u202fPM"", ""Sunday"": ""10\u202fAM to 8\u202fPM""}",4.7,512,ChIJDWkPkg5DOToRKGpjvILKRoQ,https://www.google.com/maps/search/?api=1&query=Oliva%20Skin%2C%20Hair%20And%20Laser%20Clinic%20Dwaraka%20Nagar%2C%20Vizag%3A%20Laser%20Hair%20Removal%2C%20Acne%20Scar%2C%20PRP%2C%20Skin%20Whitening%20Treatments&query_place_id=ChIJDWkPkg5DOToRKGpjvILKRoQ,https://lh3.googleusercontent.com/p/AF1QipObvKNo__gMI6EZ4chgM1JnKVZJiEVEZ3KSQSHG=w408-h272-k-no,"Wheelchair Accessible, Free Parking, Credit Cards Accepted, Appointment Required",vzg.olivaskinhairandlase.36@antidote-temp.com,FALSE,pending,unclaimed
Life Slimming,life-slimming,,"2nd Floor, above Kirtilals Jewellers, CBM Compound, Asilmetta, Visakhapatnam, Andhra Pradesh 530002, India",Visakhapatnam,Andhra Pradesh,India,530002,17.7244025,83.3111166,919533445566,,http://www.lifescc.com/,"Weight loss service, Dermatologist, Hair removal service, Hair replacement service, Hair transplantation clinic, Laser hair removal service, Nutritionist, Skin care clinic, Skin care products vending machine, Waxing hair removal service","{""Monday"": ""7\u202fAM to 8\u202fPM"", ""Tuesday"": ""7\u202fAM to 8\u202fPM"", ""Wednesday"": ""7\u202fAM to 8\u202fPM"", ""Thursday"": ""7\u202fAM to 8\u202fPM"", ""Friday"": ""7\u202fAM to 8\u202fPM"", ""Saturday"": ""7\u202fAM to 8\u202fPM"", ""Sunday"": ""7\u202fAM to 8\u202fPM""}",4.7,636,ChIJH_2L8T5DOToRxNv9JeHisdA,https://www.google.com/maps/search/?api=1&query=Life%20Slimming&query_place_id=ChIJH_2L8T5DOToRxNv9JeHisdA,https://lh3.googleusercontent.com/p/AF1QipNV1lRO1GJdNDosUKbt7oGDa9asC9mkh6fc5Spm=w408-h911-k-no,,vzg.lifeslimming.37@antidote-temp.com,FALSE,pending,unclaimed
Rosess Hair & Skin Clinic,rosess-hair-skin-clinic,,"2B, 9-14-6, Balaji's Mangalagiri Chambers, VIP Rd, Balaji Nagar, Siripuram, Visakhapatnam, Andhra Pradesh 530003, India",Visakhapatnam,Andhra Pradesh,India,530003,17.725401,83.3171831,917993047614,,https://rosess.in/,"Skin care clinic, Cosmetic surgeon, Dermatologist, Hair replacement service, Hair transplantation clinic, Laser hair removal service, Permanent make-up clinic","{""Monday"": ""10\u202fAM to 8\u202fPM"", ""Tuesday"": ""10\u202fAM to 8\u202fPM"", ""Wednesday"": ""10\u202fAM to 8\u202fPM"", ""Thursday"": ""10\u202fAM to 8\u202fPM"", ""Friday"": ""10\u202fAM to 8\u202fPM"", ""Saturday"": ""10\u202fAM to 8\u202fPM"", ""Sunday"": ""10\u202fAM to 8\u202fPM""}",4.8,230,ChIJI8-9dsZDOToReS0zPwzhYxY,https://www.google.com/maps/search/?api=1&query=Rosess%20Hair%20%26%20Skin%20Clinic&query_place_id=ChIJI8-9dsZDOToReS0zPwzhYxY,https://lh3.googleusercontent.com/p/AF1QipNC5CWxeG1AfFiVtuRgQ7XoI-Z2A997GxMYSVCv=w408-h272-k-no,Credit Cards Accepted,vzg.rosesshairskinclinic.38@antidote-temp.com,FALSE,pending,unclaimed
"Kaya Clinic - Siripuram, Visakhapatnam",kaya-clinic-siripuram-visakhapatnam,,"A, Ground Floor, Surya Manor, 10-5-24, Siripuram Cir, opposite HSBC Call Centre, Ram Nagar, Visakhapatnam, Andhra Pradesh 530003, India",Visakhapatnam,Andhra Pradesh,India,530003,17.7228156,83.3170835,918657569405,,https://www.kaya.in/dermatologist-near-me/skin-and-hair-clinic-in-visakhapatnam/kaya-clinic-siripuram-junction?utm_source=locator&utm_medium=googleplaces,Dermatologist,"{""Monday"": ""10\u202fAM to 8\u202fPM"", ""Tuesday"": ""10\u202fAM to 8\u202fPM"", ""Wednesday"": ""10\u202fAM to 8\u202fPM"", ""Thursday"": ""10\u202fAM to 8\u202fPM"", ""Friday"": ""10\u202fAM to 8\u202fPM"", ""Saturday"": ""10\u202fAM to 8\u202fPM"", ""Sunday"": ""10\u202fAM to 8\u202fPM""}",4.6,530,ChIJR-14S0BDOToRoC4MmcHJat4,https://www.google.com/maps/search/?api=1&query=Kaya%20Clinic%20-%20Siripuram%2C%20Visakhapatnam&query_place_id=ChIJR-14S0BDOToRoC4MmcHJat4,https://lh3.googleusercontent.com/p/AF1QipM860wyfYl5qcOvsJa-EyRtvzRYthlrBXWZW4mb=w408-h272-k-no,"Credit Cards Accepted, Appointment Required",vzg.kayaclinicsiripuramv.39@antidote-temp.com,FALSE,pending,unclaimed
"Labelle Weight Loss Clinic, Slimming, Skin & Laser Hair Removal Treatments",labelle-weight-loss-clinic-slimming-skin-laser-hair-removal-treatments,,"D.NO: 10-1-20, 1st floor, Vinay Vajjhala Square, Opp RTC Complex, beside KFC, Asilmetta Junction, Visakhapatnam, Andhra Pradesh 530003, India",Visakhapatnam,Andhra Pradesh,India,530003,17.724071,83.308797,918019002020,,https://www.labelle.in/,"Skin care clinic, Hair removal service, Laser hair removal service, Hair transplantation clinic, Weight loss service","{""Monday"": ""9:30\u202fAM to 8\u202fPM"", ""Tuesday"": ""9:30\u202fAM to 8\u202fPM"", ""Wednesday"": ""9:30\u202fAM to 8\u202fPM"", ""Thursday"": ""9:30\u202fAM to 8\u202fPM"", ""Friday"": ""9:30\u202fAM to 8\u202fPM"", ""Saturday"": ""9:30\u202fAM to 8\u202fPM"", ""Sunday"": ""9:30\u202fAM to 8\u202fPM""}",4.8,1981,ChIJs1P0LTxDOToRflc57b6v1Ns,https://www.google.com/maps/search/?api=1&query=Labelle%20Weight%20Loss%20Clinic%2C%20Slimming%2C%20Skin%20%26%20Laser%20Hair%20Removal%20Treatments&query_place_id=ChIJs1P0LTxDOToRflc57b6v1Ns,https://lh3.googleusercontent.com/p/AF1QipN4EDambzUeqPQJR1aWf54IfvGqxE-gaz4YKUlu=w408-h510-k-no,,vzg.labelleweightlosscli.40@antidote-temp.com,FALSE,pending,unclaimed
SKIN & SCULPT STUDIO,skin-sculpt-studio,,"Skinandsculptstudio 1st floor, panchavati medicals building, Opp KGH OP Gate, Jagadamba Junction, Visakhapatnam, Andhra Pradesh 530001, India",Visakhapatnam,Andhra Pradesh,India,530001,17.709941,83.3047179,918008965178,,https://skinandsculptstudio.in/,Skin care clinic,"{""Monday"": ""10\u202fAM to 2\u202fPM, 5 to 9\u202fPM"", ""Tuesday"": ""10\u202fAM to 2\u202fPM, 5 to 9\u202fPM"", ""Wednesday"": ""10\u202fAM to 2\u202fPM, 5 to 9\u202fPM"", ""Thursday"": ""10\u202fAM to 2\u202fPM, 5 to 9\u202fPM"", ""Friday"": ""10\u202fAM to 2\u202fPM, 5 to 9\u202fPM"", ""Saturday"": ""10\u202fAM to 2\u202fPM, 5 to 9\u202fPM"", ""Sunday"": ""10\u202fAM to 1\u202fPM, 2 to 7\u202fPM""}",5,42,ChIJN5cLdo9DOToRVqLsKw44UR0,https://www.google.com/maps/search/?api=1&query=SKIN%20%26%20SCULPT%20STUDIO&query_place_id=ChIJN5cLdo9DOToRVqLsKw44UR0,https://lh3.googleusercontent.com/p/AF1QipPZwH57gwkt1seawI6gyB8BBSCwwdDRe1bz_XRi=w408-h361-k-no,,vzg.skinsculptstudio.41@antidote-temp.com,FALSE,pending,unclaimed
Derma Hair and Skin Clinics - Hair transplant clinic in vizag | skin care clinic in vizag,derma-hair-and-skin-clinics-hair-transplant-clinic-in-vizag-skin-care-clinic-in-vizag,,"Shop no .1, 3rd Floor, Navarathna Jewel Sqare building, beside Jyothi book depot, Visakhapatnam, Andhra Pradesh 530016, India",Visakhapatnam,Andhra Pradesh,India,530016,17.7252221,83.3053117,917995612876,,http://dermahairandskinclinics.com/,"Skin care clinic, Hair transplantation clinic","{""Monday"": ""9\u202fAM to 9\u202fPM"", ""Tuesday"": ""9\u202fAM to 9\u202fPM"", ""Wednesday"": ""9\u202fAM to 9\u202fPM"", ""Thursday"": ""9\u202fAM to 9\u202fPM"", ""Friday"": ""9\u202fAM to 9\u202fPM"", ""Saturday"": ""9\u202fAM to 9\u202fPM"", ""Sunday"": ""9\u202fAM to 9\u202fPM""}",4.9,90,ChIJz7D5xltDOToRQM9Ce7h1gPA,https://www.google.com/maps/search/?api=1&query=Derma%20Hair%20and%20Skin%20Clinics%20-%20Hair%20transplant%20clinic%20in%20vizag%20%7C%20skin%20care%20clinic%20in%20vizag&query_place_id=ChIJz7D5xltDOToRQM9Ce7h1gPA,https://lh3.googleusercontent.com/p/AF1QipMqvNOcGx9s3J0nGgTON57Ju2kkpDJToKZZeV8=w408-h272-k-no,Credit Cards Accepted,vzg.dermahairandskinclin.42@antidote-temp.com,FALSE,pending,unclaimed
Dr. Siri's Speciality Skin & Hair Clinic | Best Skin & Hair Transplantation Clinic in Vizag | Best dermatologist in Vizag,dr-siris-speciality-skin-hair-clinic-best-skin-hair-transplantation-clinic-in-vizag-best-dermatologist-in-vizag,,"First floor, Rednam Alcazar, Old, Jail Rd Jct, above Pages book shop, opposite SBI Bank, Rednam Garden Near Pydah Degree College, Ram Nagar, Visakhapatnam, Andhra Pradesh 530002, India",Visakhapatnam,Andhra Pradesh,India,530002,17.7198944,83.306822,917671991381,,https://www.drsiriskinclinic.com/,"Skin care clinic, Hair transplantation clinic, Laser hair removal service, Pharmacy, Dermatologist","{""Monday"": ""10:30\u202fAM to 8\u202fPM"", ""Tuesday"": ""10:30\u202fAM to 8\u202fPM"", ""Wednesday"": ""10:30\u202fAM to 8\u202fPM"", ""Thursday"": ""10:30\u202fAM to 8\u202fPM"", ""Friday"": ""10:30\u202fAM to 8\u202fPM"", ""Saturday"": ""10:30\u202fAM to 8\u202fPM"", ""Sunday"": ""Closed""}",5,118,ChIJIw1oe6xDOToRtkyfaIgFa-4,https://www.google.com/maps/search/?api=1&query=Dr.%20Siri's%20Speciality%20Skin%20%26%20Hair%20Clinic%20%7C%20Best%20Skin%20%26%20Hair%20Transplantation%20Clinic%20in%20Vizag%20%7C%20Best%20dermatologist%20in%20Vizag&query_place_id=ChIJIw1oe6xDOToRtkyfaIgFa-4,https://lh3.googleusercontent.com/p/AF1QipMln28gmb3zaCJWwRZ5DsFyNaao8zt_1P3hReN8=w408-h272-k-no,"Digital Payments, Appointment Required",vzg.drsirisspecialityski.43@antidote-temp.com,FALSE,pending,unclaimed
Scala skin & Hair Transplant clinic,scala-skin-hair-transplant-clinic,,"3rd floor, Isnar Plaza, 2nd Ln, opposite to HDFC Bank, Opp. HDFC Bank, Dwaraka Nagar, Visakhapatnam, Andhra Pradesh 530016, India",Visakhapatnam,Andhra Pradesh,India,530016,17.7263426,83.3060921,918861311199,,https://www.scalaclinic.com/,"Skin care clinic, Cosmetic surgeon, Dermatologist, Hair extension technician, Hair removal service, Hair replacement service, Laser hair removal service, Hair transplantation clinic","{""Monday"": ""10\u202fAM to 8\u202fPM"", ""Tuesday"": ""10\u202fAM to 8\u202fPM"", ""Wednesday"": ""10\u202fAM to 8\u202fPM"", ""Thursday"": ""10\u202fAM to 8\u202fPM"", ""Friday"": ""10\u202fAM to 8\u202fPM"", ""Saturday"": ""10\u202fAM to 8\u202fPM"", ""Sunday"": ""10\u202fAM to 8\u202fPM""}",4.8,483,ChIJpSOwnDxDOToRidrH6s0ysKg,https://www.google.com/maps/search/?api=1&query=Scala%20skin%20%26%20Hair%20Transplant%20clinic&query_place_id=ChIJpSOwnDxDOToRidrH6s0ysKg,https://lh3.googleusercontent.com/p/AF1QipOeq6BlYciDaLwtGw2Z0PJuPsfg2UqAIl-MpJoG=w408-h368-k-no,"Digital Payments, Appointment Required",vzg.scalaskinhairtranspl.44@antidote-temp.com,FALSE,pending,unclaimed
Skinshine Clinic - Visakhapatnam - Dr. M. Jyothsna,skinshine-clinic-visakhapatnam-dr-m-jyothsna,,"209, VIP Towers, VIP Rd, beside Paradise Hotel, Asilmetta, Visakhapatnam, Andhra Pradesh 530003, India",Visakhapatnam,Andhra Pradesh,India,530003,17.7277241,83.3163187,919949971818,,http://www.skinshineclinic.com/,"Skin care clinic, Allergist, Dermatologist, Hair removal service, Hair transplantation clinic, Laser hair removal service, Medical clinic, Occupational medical physician","{""Monday"": ""10\u202fAM to 8\u202fPM"", ""Tuesday"": ""10\u202fAM to 8\u202fPM"", ""Wednesday"": ""10\u202fAM to 8\u202fPM"", ""Thursday"": ""10\u202fAM to 8\u202fPM"", ""Friday"": ""10\u202fAM to 8\u202fPM"", ""Saturday"": ""10\u202fAM to 8\u202fPM"", ""Sunday"": ""10\u202fAM to 8\u202fPM""}",4.9,2226,ChIJEwNcMUdDOToRyG75X85ghiM,https://www.google.com/maps/search/?api=1&query=Skinshine%20Clinic%20-%20Visakhapatnam%20-%20Dr.%20M.%20Jyothsna&query_place_id=ChIJEwNcMUdDOToRyG75X85ghiM,https://lh3.googleusercontent.com/p/AF1QipMFfTX1j0VPg8i2VZFbla-ph_9WZe_j_1tLQJUZ=w408-h272-k-no,"Wheelchair Accessible, Credit Cards Accepted, Appointment Required",vzg.skinshineclinicvisak.45@antidote-temp.com,FALSE,pending,unclaimed
Milagro Skin & Hair Clinic in Vizag,milagro-skin-hair-clinic-in-vizag,,"Seethammapeta Main Rd, opp. Margadarsi Chit Fund, beside Reliance Petrol bunk, Madhuranagar, Dwaraka Nagar, Visakhapatnam, Andhra Pradesh 530016, India",Visakhapatnam,Andhra Pradesh,India,530016,17.7305304,83.3065618,916304472873,,https://www.sisyp.com/dir/vizag/skin-and-hair-care/milagro/,"Hair replacement service, Hair transplantation clinic, Skin care clinic","{""Monday"": ""9:30\u202fAM to 1:30\u202fPM, 3:30 to 7\u202fPM"", ""Tuesday"": ""9:30\u202fAM to 1:30\u202fPM, 3:30 to 7\u202fPM"", ""Wednesday"": ""9:30\u202fAM to 1:30\u202fPM, 3:30 to 7\u202fPM"", ""Thursday"": ""9:30\u202fAM to 1:30\u202fPM, 3:30 to 7\u202fPM"", ""Friday"": ""9:30\u202fAM to 1:30\u202fPM, 3:30 to 7\u202fPM"", ""Saturday"": ""9:30\u202fAM to 1:30\u202fPM, 3:30 to 7\u202fPM"", ""Sunday"": ""Closed""}",4.7,48,ChIJ8SkHKGpDOToR5LzQuDXTiu8,https://www.google.com/maps/search/?api=1&query=Milagro%20Skin%20%26%20Hair%20Clinic%20in%20Vizag&query_place_id=ChIJ8SkHKGpDOToR5LzQuDXTiu8,https://streetviewpixels-pa.googleapis.com/v1/thumbnail?panoid=shiYb_SwhAu_5_gKJSRdOw&cb_client=search.gws-prod.gps&w=408&h=240&yaw=280.34808&pitch=0&thumbfov=100,,vzg.milagroskinhairclini.47@antidote-temp.com,FALSE,pending,unclaimed
Dr Naveen’s - Cosmetology & Hair Transplantation Clinic,dr-naveens-cosmetology-hair-transplantation-clinic,,"3rd floor, Quantum diagnostics building, MVV Neeladhri building Near Laya diagnostics. Beside collectoraate, Zilla parishad Road, Visakhapatnam, Andhra Pradesh 530002, India",Visakhapatnam,Andhra Pradesh,India,530002,17.7088238,83.3097694,919494084949,,http://drnaveenskincity.com/,Skin care clinic,"{""Monday"": ""1 to 4\u202fPM, 6 to 9\u202fPM"", ""Tuesday"": ""1 to 4\u202fPM, 6 to 9\u202fPM"", ""Wednesday"": ""1 to 4\u202fPM, 6 to 9\u202fPM"", ""Thursday"": ""1 to 4\u202fPM, 6 to 9\u202fPM"", ""Friday"": ""1 to 4\u202fPM, 6 to 9\u202fPM"", ""Saturday"": ""1 to 4\u202fPM, 6 to 9\u202fPM"", ""Sunday"": ""Closed""}",4.9,79,ChIJ19aptT5DOToRU2H9C7-MD_I,https://www.google.com/maps/search/?api=1&query=Dr%20Naveen%E2%80%99s%20-%20Cosmetology%20%26%20Hair%20Transplantation%20Clinic&query_place_id=ChIJ19aptT5DOToRU2H9C7-MD_I,https://lh3.googleusercontent.com/p/AF1QipOhBKdGnX8Av9hHFpOsyjV4hysG6pp9HoNJ85JL=w454-h240-k-no,,vzg.drnaveenscosmetology.48@antidote-temp.com,FALSE,pending,unclaimed
Swarna Cosmo Care | Best Skin Clinic in Vizag | Laser Hair Removal in Vizag | Hair Clinic in Vizag | Skin Whitening Treatment,swarna-cosmo-care-best-skin-clinic-in-vizag-laser-hair-removal-in-vizag-hair-clinic-in-vizag-skin-whitening-treatment,,"Flat No: 505, 5th Floor, Bharath Towers, 5th Ln, Dwaraka Nagar, Visakhapatnam, Andhra Pradesh 530016, India",Visakhapatnam,Andhra Pradesh,India,530016,17.7284115,83.3055685,918181898968,,https://www.swarnacosmocare.com/,"Skin care clinic, Dermatologist, Hair removal service, Hair replacement service, Hair transplantation clinic, Laser hair removal service","{""Monday"": ""9:30\u202fAM to 1\u202fPM, 4 to 9\u202fPM"", ""Tuesday"": ""9:30\u202fAM to 1\u202fPM, 4 to 9\u202fPM"", ""Wednesday"": ""9:30\u202fAM to 1\u202fPM, 4 to 9\u202fPM"", ""Thursday"": ""9:30\u202fAM to 1\u202fPM, 4 to 9\u202fPM"", ""Friday"": ""9:30\u202fAM to 1\u202fPM, 4 to 9\u202fPM"", ""Saturday"": ""9:30\u202fAM to 1\u202fPM, 4 to 9\u202fPM"", ""Sunday"": ""9:30\u202fAM to 1\u202fPM""}",4.9,10,ChIJlWcfWlBDOToRR5qSCnMi6jw,https://www.google.com/maps/search/?api=1&query=Swarna%20Cosmo%20Care%20%7C%20Best%20Skin%20Clinic%20in%20Vizag%20%7C%20Laser%20Hair%20Removal%20in%20Vizag%20%7C%20Hair%20Clinic%20in%20Vizag%20%7C%20Skin%20Whitening%20Treatment&query_place_id=ChIJlWcfWlBDOToRR5qSCnMi6jw,https://streetviewpixels-pa.googleapis.com/v1/thumbnail?panoid=K0lJFf5KyMG3iUyR7YpalQ&cb_client=search.gws-prod.gps&w=408&h=240&yaw=183.46196&pitch=0&thumbfov=100,Credit Cards Accepted,vzg.swarnacosmocarebests.49@antidote-temp.com,FALSE,pending,unclaimed
Advanced GroHair & GloSkin - Visakhapatnam,advanced-grohair-gloskin-visakhapatnam,,"3rd Floor, CBM Compound, No.10-1-39/1, Chakravarthy Palace, Sampath Vinayaka Temple Rd, Visakhapatnam, Andhra Pradesh 530003, India",Visakhapatnam,Andhra Pradesh,India,530003,17.7251103,83.3148662,917796156789,,https://www.adgrohair.com/,Hair replacement service,"{""Monday"": ""10\u202fAM to 8\u202fPM"", ""Tuesday"": ""10\u202fAM to 8\u202fPM"", ""Wednesday"": ""10\u202fAM to 8\u202fPM"", ""Thursday"": ""10\u202fAM to 8\u202fPM"", ""Friday"": ""10\u202fAM to 8\u202fPM"", ""Saturday"": ""10\u202fAM to 8\u202fPM"", ""Sunday"": ""10\u202fAM to 8\u202fPM""}",4.9,126,ChIJSR9CjlRDOToR-0Hi8V8MOaw,https://www.google.com/maps/search/?api=1&query=Advanced%20GroHair%20%26%20GloSkin%20-%20Visakhapatnam&query_place_id=ChIJSR9CjlRDOToR-0Hi8V8MOaw,https://lh3.googleusercontent.com/p/AF1QipP_b1Y2He_sy-jC-TbbrJGHdoctm1C9Eadmg-WJ=w533-h240-k-no,,vzg.advancedgrohairglosk.50@antidote-temp.com,FALSE,pending,unclaimed
Kolors Hair & Skin Clinic - Visakhapatnam,kolors-hair-skin-clinic-visakhapatnam,,"4th floor, T.S.No: 5/3, VIP Rd, above pantaloons show room, Asilmetta, Visakhapatnam, Andhra Pradesh 530003, India",Visakhapatnam,Andhra Pradesh,India,530003,17.7283057,83.3146856,917799963808,,https://www.kolorshairandskin.com/clinic/ap/visakhapatnam,"Skin care clinic, Hair transplantation clinic, Laser hair removal service","{""Monday"": ""6:30\u202fAM to 8:30\u202fPM"", ""Tuesday"": ""6:30\u202fAM to 8:30\u202fPM"", ""Wednesday"": ""6:30\u202fAM to 8:30\u202fPM"", ""Thursday"": ""6:30\u202fAM to 8:30\u202fPM"", ""Friday"": ""6:30\u202fAM to 8:30\u202fPM"", ""Saturday"": ""6:30\u202fAM to 8:30\u202fPM"", ""Sunday"": ""6:30\u202fAM to 8:30\u202fPM""}",4.8,93,ChIJ_bxN0bdDOToR_J4BVQUolwo,https://www.google.com/maps/search/?api=1&query=Kolors%20Hair%20%26%20Skin%20Clinic%20-%20Visakhapatnam&query_place_id=ChIJ_bxN0bdDOToR_J4BVQUolwo,https://lh3.googleusercontent.com/p/AF1QipM91DxAGDKQf4_4paOurc_OiK61Xw1gaif_oIOv=w448-h240-k-no,,vzg.kolorshairskinclinic.52@antidote-temp.com,FALSE,pending,unclaimed
𝚁𝙸𝙲𝙷𝙵𝙴𝙴𝙻 𝙷𝙴𝙰𝙻𝚃𝙷 & 𝙱𝙴𝙰𝚄𝚃𝚈 𝙲𝙻𝙸𝙽𝙸𝙲,𝚁𝙸𝙲𝙷𝙵𝙴𝙴𝙻-𝙷𝙴𝙰𝙻𝚃𝙷-𝙱𝙴𝙰𝚄𝚃𝚈-𝙲𝙻𝙸𝙽𝙸𝙲,,"1st Floor, Potluri Castle, D.No. 47-14-9/2, above HDFC Bank, Dwaraka Nagar, Visakhapatnam, Andhra Pradesh 530016, India",Visakhapatnam,Andhra Pradesh,India,530016,17.7265945,83.3064909,918985543369,,http://www.richfeelclinic.com/,"Skin care clinic, Hair transplantation clinic, Laser hair removal service","{""Monday"": ""10\u202fAM to 8:30\u202fPM"", ""Tuesday"": ""10\u202fAM to 8:30\u202fPM"", ""Wednesday"": ""10\u202fAM to 8:30\u202fPM"", ""Thursday"": ""10\u202fAM to 8:30\u202fPM"", ""Friday"": ""10\u202fAM to 8:30\u202fPM"", ""Saturday"": ""10\u202fAM to 8:30\u202fPM"", ""Sunday"": ""10\u202fAM to 8:30\u202fPM""}",4.6,21,ChIJO-8v-gtDOToRmX1gtfmvBCY,https://www.google.com/maps/search/?api=1&query=%F0%9D%9A%81%F0%9D%99%B8%F0%9D%99%B2%F0%9D%99%B7%F0%9D%99%B5%F0%9D%99%B4%F0%9D%99%B4%F0%9D%99%BB%20%F0%9D%99%B7%F0%9D%99%B4%F0%9D%99%B0%F0%9D%99%BB%F0%9D%9A%83%F0%9D%99%B7%20%26%20%F0%9D%99%B1%F0%9D%99%B4%F0%9D%99%B0%F0%9D%9A%84%F0%9D%9A%83%F0%9D%9A%88%20%F0%9D%99%B2%F0%9D%99%BB%F0%9D%99%B8%F0%9D%99%BD%F0%9D%99%B8%F0%9D%99%B2&query_place_id=ChIJO-8v-gtDOToRmX1gtfmvBCY,https://streetviewpixels-pa.googleapis.com/v1/thumbnail?panoid=JLHyfdetfo7Y0SEPd28Gsw&cb_client=search.gws-prod.gps&w=408&h=240&yaw=107.09037&pitch=0&thumbfov=100,"Credit Cards Accepted, Appointment Required",vzg.𝚁𝙸𝙲𝙷𝙵𝙴𝙴𝙻𝙷𝙴𝙰𝙻𝚃𝙷𝙱𝙴𝙰𝚄𝚃𝚈.53@antidote-temp.com,FALSE,pending,unclaimed
Dr Sravani Sandhya (Skin Specialist),dr-sravani-sandhya-skin-specialist,,"Aura Skin and Hair Clinic, G1 Jagan Krishna Apts Governor Bungalow Road, Daspalla Hills, Visakhapatnam, Andhra Pradesh 530003, India",Visakhapatnam,Andhra Pradesh,India,530003,17.7163536,83.3116815,919177799077,,https://www.auraskinclinic.com/,"Skin care clinic, Electrolysis hair removal service, Hair removal service, Hair replacement service, Hair transplantation clinic, Hospital, Laser hair removal service, Dermatologist","{""Monday"": ""10:30\u202fAM to 7:30\u202fPM"", ""Tuesday"": ""10:30\u202fAM to 7:30\u202fPM"", ""Wednesday"": ""10:30\u202fAM to 7:30\u202fPM"", ""Thursday"": ""10:30\u202fAM to 7:30\u202fPM"", ""Friday"": ""10:30\u202fAM to 7:30\u202fPM"", ""Saturday"": ""10:30\u202fAM to 2\u202fPM, 5 to 7:30\u202fPM"", ""Sunday"": ""Closed""}",4.2,18,ChIJKayovTNDOToRqW4Hs3cD7C4,https://www.google.com/maps/search/?api=1&query=Dr%20Sravani%20Sandhya%20(Skin%20Specialist)&query_place_id=ChIJKayovTNDOToRqW4Hs3cD7C4,https://lh3.googleusercontent.com/p/AF1QipPs4mcK-mNQBUmHZ3JVQm9thJniI7fC6rRGKJXd=w450-h240-k-no,,vzg.drsravanisandhyaskin.54@antidote-temp.com,FALSE,pending,unclaimed
Lajos permanent makeup clinic,lajos-permanent-makeup-clinic,,"VIP Rd, Balaji Nagar, Siripuram, Visakhapatnam, Andhra Pradesh 530003, India",Visakhapatnam,Andhra Pradesh,India,530003,17.7254359,83.3170378,,,https://www.lajos.in/,Permanent make-up clinic,"{""Monday"": ""10\u202fAM to 8\u202fPM"", ""Tuesday"": ""10\u202fAM to 8\u202fPM"", ""Wednesday"": ""10\u202fAM to 8\u202fPM"", ""Thursday"": ""10\u202fAM to 8\u202fPM"", ""Friday"": ""10\u202fAM to 8\u202fPM"", ""Saturday"": ""10\u202fAM to 8\u202fPM"", ""Sunday"": ""10\u202fAM to 8\u202fPM""}",5,56,ChIJ673gieiKboMRz2DVnSXWLtw,https://www.google.com/maps/search/?api=1&query=Lajos%20permanent%20makeup%20clinic&query_place_id=ChIJ673gieiKboMRz2DVnSXWLtw,https://lh3.googleusercontent.com/p/AF1QipMKYpKZ1JFk2ZhJ1oemBehqQeBAol7Sc8LNCuCI=w408-h408-k-no,,vzg.lajospermanentmakeup.55@antidote-temp.com,FALSE,pending,unclaimed
Barbie Skin Clinic,barbie-skin-clinic,,"Hotel Winsar Park 18, Collectors Office Road, Maharani Peta, Visakhapatnam, Andhra Pradesh 530002, India",Visakhapatnam,Andhra Pradesh,India,530002,17.7094898,83.3058887,,,http://www.barbieskinclinic.com/,Skin care clinic,,4.9,39,ChIJfaDQFwNDOToRk8JDbOHKUXc,https://www.google.com/maps/search/?api=1&query=Barbie%20Skin%20Clinic&query_place_id=ChIJfaDQFwNDOToRk8JDbOHKUXc,https://streetviewpixels-pa.googleapis.com/v1/thumbnail?panoid=KDOz-cMhWylQvNUMZTPdXw&cb_client=search.gws-prod.gps&w=408&h=240&yaw=40.32553&pitch=0&thumbfov=100,,vzg.barbieskinclinic.56@antidote-temp.com,FALSE,pending,unclaimed
Aryan Skin & Hair Clinic,aryan-skin-hair-clinic,,"R.R. Plaza, 2, KGH Down Rd, Opposite KGH In Gate Bus Stop, Opposite KGH Clock Tower, M. R. Peta, Maharani Peta, Visakhapatnam, Andhra Pradesh 530002, India",Visakhapatnam,Andhra Pradesh,India,530002,17.7089736,83.3069011,919014222291,,,"Skin care clinic, Dermatologist","{""Monday"": ""10\u202fAM to 8:30\u202fPM"", ""Tuesday"": ""10\u202fAM to 8:30\u202fPM"", ""Wednesday"": ""10\u202fAM to 8:30\u202fPM"", ""Thursday"": ""10\u202fAM to 8:30\u202fPM"", ""Friday"": ""10\u202fAM to 8:30\u202fPM"", ""Saturday"": ""6 to 8\u202fPM"", ""Sunday"": ""Closed""}",4.9,86,ChIJM19V1Q9DOToRQxx66Pytztc,https://www.google.com/maps/search/?api=1&query=Aryan%20Skin%20%26%20Hair%20Clinic&query_place_id=ChIJM19V1Q9DOToRQxx66Pytztc,https://lh3.googleusercontent.com/gps-cs-s/AC9h4nrgWGPRHzMfNwESeHO4HtUDSL2BA7vIWaHe8Qk4Wgl68IoSZu2eHEpUuBMpS7p_DrQzZP1pJYth7W1LFVKrBbK1UWUxt1R_oh0NnwgjhM4DNLBJaLpI4hHo7SXwUDXPWhYOtuGW=w408-h723-k-no,,vzg.aryanskinhairclinic.58@antidote-temp.com,FALSE,pending,unclaimed
Celestial Essence Skin & Hair Clinic,celestial-essence-skin-hair-clinic,,"Sri Nivasam, #10-27-1, Facor Layout, near 4 Points Hotel, Waltair Uplands, Visakhapatnam, Andhra Pradesh 530003, India",Visakhapatnam,Andhra Pradesh,India,530003,17.7224886,83.3134278,917569324145,,,Dermatologist,"{""Monday"": ""10\u202fAM to 8\u202fPM"", ""Tuesday"": ""10\u202fAM to 8\u202fPM"", ""Wednesday"": ""10\u202fAM to 8\u202fPM"", ""Thursday"": ""10\u202fAM to 8\u202fPM"", ""Friday"": ""10\u202fAM to 8\u202fPM"", ""Saturday"": ""10\u202fAM to 8\u202fPM"", ""Sunday"": ""Closed""}",5,5,ChIJj4qvfEtDOToRZ91H7FvTDbk,https://www.google.com/maps/search/?api=1&query=Celestial%20Essence%20Skin%20%26%20Hair%20Clinic&query_place_id=ChIJj4qvfEtDOToRZ91H7FvTDbk,https://lh3.googleusercontent.com/p/AF1QipMdyA1PEwY86-N8xD8o5A81VXEfTfwg6orb5mFF=w408-h650-k-no,,vzg.celestialessenceskin.59@antidote-temp.com,FALSE,pending,unclaimed
Sri Gayatri Skin Care and Hair Transplant Centre Ght Clinic,sri-gayatri-skin-care-and-hair-transplant-centre-ght-clinic,,"2nd Floor, Satya Sri Devi Complex, Seethammapeta Main Rd, opposite Harsha Labs, Enclave, III Lane, Dwaraka Nagar, Visakhapatnam, Andhra Pradesh 530016, India",Visakhapatnam,Andhra Pradesh,India,530016,17.7273038,83.3059897,918912744138,,http://www.ghtclinic.com/,"Cosmetics store, Alternative medicine practitioner, Skin care clinic, Dermatologist, Hair removal service, Hair transplantation clinic, Laser hair removal service, Tattoo removal service","{""Monday"": ""10\u202fAM to 1\u202fPM, 5 to 8\u202fPM"", ""Tuesday"": ""10\u202fAM to 1\u202fPM, 5 to 8\u202fPM"", ""Wednesday"": ""10\u202fAM to 1\u202fPM, 5 to 8\u202fPM"", ""Thursday"": ""10\u202fAM to 1\u202fPM, 5 to 8\u202fPM"", ""Friday"": ""10\u202fAM to 1\u202fPM, 5 to 8\u202fPM"", ""Saturday"": ""10\u202fAM to 1\u202fPM, 5 to 8\u202fPM"", ""Sunday"": ""Closed""}",4.5,127,ChIJAwhubztDOToRmfa0oTlDc_Y,https://www.google.com/maps/search/?api=1&query=Sri%20Gayatri%20Skin%20Care%20and%20Hair%20Transplant%20Centre%20Ght%20Clinic&query_place_id=ChIJAwhubztDOToRmfa0oTlDc_Y,https://lh3.googleusercontent.com/gps-cs-s/AC9h4nq6Y9EvzZgWsGM-r31jBDX3vCC5htJrEWnlUhOFc_L5iJ7Nh-s5a7f7L_Jf6r8G_zzyLrxRlUFpUi96tnTnTXFGbyILk6z94iT6m-m6SUNxfb4q8fP0u-EU4-hKdgfywEHMIYNl=w408-h300-k-no,,vzg.srigayatriskincarean.60@antidote-temp.com,FALSE,pending,unclaimed
VCare Hair And Skin Clinic - Vishakhapatnam,vcare-hair-and-skin-clinic-vishakhapatnam,,"Door No:9, Sujatha Edifice, S.NO:68, 3rd & 5th Floor, Waltair Ward, 29-16, Balaji Nagar, Visakhapatnam, Andhra Pradesh 530003, India",Visakhapatnam,Andhra Pradesh,India,530003,17.7258833,83.3170902,917395826262,,https://www.clinics.vcaretrichology.com/visakhapatnam/,"Skin care clinic, Dermatologist, Hair removal service, Hair replacement service, Laser hair removal service, Hair transplantation clinic","{""Monday"": ""10\u202fAM to 8\u202fPM"", ""Tuesday"": ""10\u202fAM to 8\u202fPM"", ""Wednesday"": ""10\u202fAM to 8\u202fPM"", ""Thursday"": ""10\u202fAM to 8\u202fPM"", ""Friday"": ""10\u202fAM to 8\u202fPM"", ""Saturday"": ""10\u202fAM to 8\u202fPM"", ""Sunday"": ""10\u202fAM to 8\u202fPM""}",4.5,1094,ChIJ____vztDOToRc9qV3S8cQsM,https://www.google.com/maps/search/?api=1&query=VCare%20Hair%20And%20Skin%20Clinic%20-%20Vishakhapatnam&query_place_id=ChIJ____vztDOToRc9qV3S8cQsM,https://lh3.googleusercontent.com/p/AF1QipNHG7LMrYdiFxUMLQLHrGsQ_09KH3Or4oxqzrbW=w408-h285-k-no,"Credit Cards Accepted, Appointment Required",vzg.vcarehairandskinclin.61@antidote-temp.com,FALSE,pending,unclaimed
Cosmo Therapy Clinic Hair And Skin Care,cosmo-therapy-clinic-hair-and-skin-care,,"P883+CJ4, Jail Rd, CMR Road, Near Judge Court, Jagadamba Centre, Opposite Singh Hospital, Opposite Vterinary Hospital, Nehru Nagar, Ram Nagar, Visakhapatnam, Andhra Pradesh 530002, India",Visakhapatnam,Andhra Pradesh,India,530002,17.7160235,83.3040903,919246610224,,,"Skin care clinic, Hair care service","{""Monday"": ""12\u202fAM to 11:59\u202fPM"", ""Tuesday"": ""12\u202fAM to 11:59\u202fPM"", ""Wednesday"": ""12\u202fAM to 11:59\u202fPM"", ""Thursday"": ""12\u202fAM to 11:59\u202fPM"", ""Friday"": ""12\u202fAM to 11:59\u202fPM"", ""Saturday"": ""12\u202fAM to 11:59\u202fPM"", ""Sunday"": ""12\u202fAM to 11:59\u202fPM""}",,0,ChIJHfDb4RlDOToRWGH0lG_NuTA,https://www.google.com/maps/search/?api=1&query=Cosmo%20Therapy%20Clinic%20Hair%20And%20Skin%20Care&query_place_id=ChIJHfDb4RlDOToRWGH0lG_NuTA,https://lh3.googleusercontent.com/gps-proxy/ALd4DhFdrEOZfpYAcbvtkaBfTPIUqRY5UaaQcqhX76y44BbfGFXfloY6mW-TDbfcEeIFIp_rCvIOzQDJEePA02dIW6SvMRImcULKUWfZQUYAqdBTr4-Fv-25RSbO5KpKi59mpK8wHeBiTHKQWJoJM5UWdqcGdWCYgwg5meb1OtUo69lkroAnGaj11bGp8RfDhZSXA8OhZw=w408-h306-k-no,,vzg.cosmotherapyclinicha.63@antidote-temp.com,FALSE,pending,unclaimed
"IVIES Clinic | Visakhapatnam, Andhra Pradesh",ivies-clinic-visakhapatnam-andhra-pradesh,,"3rd floor,above nandini furnitures,opp swarna bharathi indoor stadium, Resapuvanipalem, Visakhapatnam, Andhra Pradesh 530013, India",Visakhapatnam,Andhra Pradesh,India,530013,17.7304159,83.3157167,917661992666,,https://www.iviesclinic.com/,"Hair transplantation clinic, Doctor, Hair replacement service","{""Monday"": ""10\u202fAM to 8\u202fPM"", ""Tuesday"": ""10\u202fAM to 8\u202fPM"", ""Wednesday"": ""10\u202fAM to 8\u202fPM"", ""Thursday"": ""10\u202fAM to 8\u202fPM"", ""Friday"": ""10\u202fAM to 8\u202fPM"", ""Saturday"": ""10\u202fAM to 8\u202fPM"", ""Sunday"": ""10\u202fAM to 8\u202fPM""}",4.5,38,ChIJP5qIdrpDOToRIPZr2GA5YhU,https://www.google.com/maps/search/?api=1&query=IVIES%20Clinic%20%7C%20Visakhapatnam%2C%20Andhra%20Pradesh&query_place_id=ChIJP5qIdrpDOToRIPZr2GA5YhU,https://lh3.googleusercontent.com/p/AF1QipNmSNFyrkfgEMuPlrDBXXc-6SmKtZkj76l4vDeR=w427-h240-k-no,"Wheelchair Accessible, Digital Payments, Appointment Required",vzg.iviesclinicvisakhapa.64@antidote-temp.com,FALSE,pending,unclaimed
Dr ujwala’s The skin clinic,dr-ujwalas-the-skin-clinic,,"UR skin and heart clinic ground floor dr no 48-3-38 Sri Sai nilayam,opp pandit Jnr college 2 nd line Srinagar colony, Ramatalkies, Vishakapatnam, Andhra Pradesh 530016, India",Visakhapatnam,Andhra Pradesh,India,530016,17.7286316,83.3110451,919381040073,,,Medical clinic,"{""Monday"": ""10 to 11:30\u202fAM, 4:30 to 7:30\u202fPM"", ""Tuesday"": ""10 to 11:30\u202fAM, 4:30 to 7\u202fPM"", ""Wednesday"": ""10 to 11:30\u202fAM, 4:30 to 7:30\u202fPM"", ""Thursday"": ""10 to 11:30\u202fAM, 4:30 to 7:30\u202fPM"", ""Friday"": ""10 to 11:30\u202fAM, 4 to 7\u202fPM"", ""Saturday"": ""10 to 11:30\u202fAM, 4 to 7:30\u202fPM"", ""Sunday"": ""11\u202fAM to 12\u202fPM""}",5,95,ChIJA_JnXrFDOToRIIyXPagfVnw,https://www.google.com/maps/search/?api=1&query=Dr%20ujwala%E2%80%99s%20The%20skin%20clinic&query_place_id=ChIJA_JnXrFDOToRIIyXPagfVnw,https://streetviewpixels-pa.googleapis.com/v1/thumbnail?panoid=-oE-J7ytNdGKZFOIAYiuIg&cb_client=search.gws-prod.gps&w=408&h=240&yaw=178.67525&pitch=0&thumbfov=100,,vzg.drujwalastheskinclin.66@antidote-temp.com,FALSE,pending,unclaimed
Cutis Skin & Hair Clinic,cutis-skin-hair-clinic,,"Pandimetta Junction, AMCOSA Road, beside Aradhya Fertility Centre, Maharani Peta, Visakhapatnam, Andhra Pradesh 530002, India",Visakhapatnam,Andhra Pradesh,India,530002,17.7142942,83.3126005,917093287429,,http://www.sisyp.com/dir/vizag/doctor/dermatologist/cutis-skin-hair-clinic/,Skin care clinic,"{""Monday"": ""5 to 8:30\u202fPM"", ""Tuesday"": ""5 to 8:30\u202fPM"", ""Wednesday"": ""5 to 8:30\u202fPM"", ""Thursday"": ""5 to 8:30\u202fPM"", ""Friday"": ""5 to 8:30\u202fPM"", ""Saturday"": ""5 to 8:30\u202fPM"", ""Sunday"": ""5 to 8:30\u202fPM""}",4.8,6,ChIJq3qJ80NDOToRfJulqpQSsXc,https://www.google.com/maps/search/?api=1&query=Cutis%20Skin%20%26%20Hair%20Clinic&query_place_id=ChIJq3qJ80NDOToRfJulqpQSsXc,https://lh3.googleusercontent.com/p/AF1QipPZjecnNRCOMIAgT4SyCN8CXB3vSfdrRB_oqegH=w408-h272-k-no,,vzg.cutisskinhairclinic.69@antidote-temp.com,FALSE,pending,unclaimed
Dr. Megha's Skin Clinic | Hair Transplant | Skin Care | Permanent Makeup,dr-meghas-skin-clinic-hair-transplant-skin-care-permanent-makeup,,"Sastri Residency, 47-3-9, Diamond Park Rd, near Sankara Matam Road, Dwaraka Nagar, Visakhapatnam, Andhra Pradesh 530016, India",Visakhapatnam,Andhra Pradesh,India,530016,17.728796,83.3039598,,,,Skin care clinic,"{""Monday"": ""10\u202fAM to 9\u202fPM"", ""Tuesday"": ""10\u202fAM to 9\u202fPM"", ""Wednesday"": ""10\u202fAM to 9\u202fPM"", ""Thursday"": ""10\u202fAM to 9\u202fPM"", ""Friday"": ""10\u202fAM to 9\u202fPM"", ""Saturday"": ""10\u202fAM to 9\u202fPM"", ""Sunday"": ""10\u202fAM to 9\u202fPM""}",,0,ChIJk12BbhBDOToRv_2gn3aX28Y,https://www.google.com/maps/search/?api=1&query=Dr.%20Megha's%20Skin%20Clinic%20%7C%20Hair%20Transplant%20%7C%20Skin%20Care%20%7C%20Permanent%20Makeup&query_place_id=ChIJk12BbhBDOToRv_2gn3aX28Y,https://streetviewpixels-pa.googleapis.com/v1/thumbnail?panoid=CFaMCYfpbWLIKi-UNqv0Rg&cb_client=search.gws-prod.gps&w=408&h=240&yaw=82.136635&pitch=0&thumbfov=100,,vzg.drmeghasskinclinicha.71@antidote-temp.com,FALSE,pending,unclaimed
NR SKIN & COSMETOLOGY CENTRE,nr-skin-cosmetology-centre,,"P855+37X, Coastal Battery Rd, Krishnagar, Krishna Nagar, Maharani Peta, Visakhapatnam, Andhra Pradesh 530002, India",Visakhapatnam,Andhra Pradesh,India,530002,17.7077321,83.3082407,918912706436,,,Skin care clinic,"{""Monday"": ""10\u202fAM to 1\u202fPM, 6 to 9\u202fPM"", ""Tuesday"": ""10\u202fAM to 1\u202fPM, 6 to 9\u202fPM"", ""Wednesday"": ""10\u202fAM to 1\u202fPM, 6 to 9\u202fPM"", ""Thursday"": ""10\u202fAM to 1\u202fPM, 6 to 9\u202fPM"", ""Friday"": ""10\u202fAM to 1\u202fPM, 6 to 9\u202fPM"", ""Saturday"": ""10\u202fAM to 1\u202fPM, 6 to 9\u202fPM"", ""Sunday"": ""Closed""}",4,15,ChIJl-T2FQ5DOToRwGPjizwyBdE,https://www.google.com/maps/search/?api=1&query=NR%20SKIN%20%26%20COSMETOLOGY%20CENTRE&query_place_id=ChIJl-T2FQ5DOToRwGPjizwyBdE,https://lh3.googleusercontent.com/gps-cs-s/AC9h4npyFlPyJXqR6fCCdo4N6hQGlgQtyUhSVzeLIBJn2CJyaWw25Ybc0u-AGX5br5taybzlFYuylD85gpvVCXQU9yW5ZVX7oXOMcbF9k6eAwb6hei0sHeE8pQ0bHQGGXxnoWgABoDIu=w408-h544-k-no,,vzg.nrskincosmetologycen.72@antidote-temp.com,FALSE,pending,unclaimed
Satyam Skin and Cosmetology Clinic,satyam-skin-and-cosmetology-clinic,,"Dr. No 204, Srinivas Chambers, opp, KGH Down Rd, beside New Care Hospital, Opp KGH OP Gate, Jagadamba Junction, Visakhapatnam, Andhra Pradesh 530001, India",Visakhapatnam,Andhra Pradesh,India,530001,17.7095591,83.3057444,919440527214,,http://drgiradasuryanarayana.com/,Skin care clinic,"{""Monday"": ""6 to 9\u202fPM"", ""Tuesday"": ""6 to 9\u202fPM"", ""Wednesday"": ""6 to 9\u202fPM"", ""Thursday"": ""6 to 9\u202fPM"", ""Friday"": ""6 to 9\u202fPM"", ""Saturday"": ""6 to 9\u202fPM"", ""Sunday"": ""Closed""}",,0,ChIJXQRlIxBDOToR_NixFudJoE8,https://www.google.com/maps/search/?api=1&query=Satyam%20Skin%20and%20Cosmetology%20Clinic&query_place_id=ChIJXQRlIxBDOToR_NixFudJoE8,https://streetviewpixels-pa.googleapis.com/v1/thumbnail?panoid=mVEj1CebROLTMGPlEKY1Ww&cb_client=search.gws-prod.gps&w=408&h=240&yaw=2.6459613&pitch=0&thumbfov=100,,vzg.satyamskinandcosmeto.78@antidote-temp.com,FALSE,pending,unclaimed
SEVA Skin & Child Care Centre by Dr. Ajay Kumar Gummalla,seva-skin-child-care-centre-by-dr-ajay-kumar-gummalla,,"CHAMBER NO.F 5&6,1st Floor, Krishna Murthy Chambers, 18-1-29, opposite Amul Milk Parlour, Opp KGH OP Gate, Visakhapatnam, Andhra Pradesh 530002, India",Visakhapatnam,Andhra Pradesh,India,530002,17.7101747,83.304503,919000279311,,,"Dermatologist, Pediatrician","{""Monday"": ""5:30 to 9\u202fPM"", ""Tuesday"": ""5:30 to 9\u202fPM"", ""Wednesday"": ""5:30 to 9\u202fPM"", ""Thursday"": ""5:30 to 9\u202fPM"", ""Friday"": ""5:30 to 9\u202fPM"", ""Saturday"": ""5:30 to 9\u202fPM"", ""Sunday"": ""Closed""}",4.9,92,ChIJn6qqqhNDOToRkKUGFOaUbFE,https://www.google.com/maps/search/?api=1&query=SEVA%20Skin%20%26%20Child%20Care%20Centre%20by%20Dr.%20Ajay%20Kumar%20Gummalla&query_place_id=ChIJn6qqqhNDOToRkKUGFOaUbFE,https://lh3.googleusercontent.com/p/AF1QipMqN6cQRIrqL8mQdNHo8BytNQVPwWN4yS2cNzZU=w408-h306-k-no,Digital Payments,vzg.sevaskinchildcarecen.79@antidote-temp.com,FALSE,pending,unclaimed
SHINE Clinics,shine-clinics,,"4th Floor, KGH Down Rd, opp. indus hospital, Jagadamba, Jagadamba Junction, Visakhapatnam, Andhra Pradesh 530002, India",Visakhapatnam,Andhra Pradesh,India,530002,17.7109642,83.3026854,919063023434,,http://shineclinics.in/,Skin care clinic,,,0,ChIJq6pq7RpDOToRBpCLxhoxHZM,https://www.google.com/maps/search/?api=1&query=SHINE%20Clinics&query_place_id=ChIJq6pq7RpDOToRBpCLxhoxHZM,https://streetviewpixels-pa.googleapis.com/v1/thumbnail?panoid=ERR7gth5PkmwA3FWwo69MA&cb_client=search.gws-prod.gps&w=408&h=240&yaw=28.680931&pitch=0&thumbfov=100,,vzg.shineclinics.80@antidote-temp.com,FALSE,pending,unclaimed
SHINE Clinics,shine-clinics,,"Vinayagar Kosala, beside Sarvani Sweets, Asilmetta Junction, Ram Nagar, Visakhapatnam, Andhra Pradesh 530003, India",Visakhapatnam,Andhra Pradesh,India,530003,17.7248967,83.3091199,919063023434,,http://shineclinics.in/,Skin care clinic,,,0,ChIJAQAAJDxDOToRGddKA58CgrM,https://www.google.com/maps/search/?api=1&query=SHINE%20Clinics&query_place_id=ChIJAQAAJDxDOToRGddKA58CgrM,https://streetviewpixels-pa.googleapis.com/v1/thumbnail?panoid=rntADmq5nk68SwX5hbg9Pw&cb_client=search.gws-prod.gps&w=408&h=240&yaw=117.655876&pitch=0&thumbfov=100,,vzg.shineclinics.82@antidote-temp.com,FALSE,pending,unclaimed
Dr Anjali S,dr-anjali-s,,"1st Floor, Seven Hills Hospital, Waltair Main Road, Waltair Main Road, Visakhapatnam, Andhra Pradesh 530002, India",Visakhapatnam,Andhra Pradesh,India,530002,17.7179604,83.3098873,918912535488,,,Plastic surgeon,,,0,ChIJPUpO0xVDOToRPJaaGa3HVfk,https://www.google.com/maps/search/?api=1&query=Dr%20Anjali%20S&query_place_id=ChIJPUpO0xVDOToRPJaaGa3HVfk,https://streetviewpixels-pa.googleapis.com/v1/thumbnail?panoid=ehw_4xNby1FYlPw2FcbCWw&cb_client=search.gws-prod.gps&w=408&h=240&yaw=17.858444&pitch=0&thumbfov=100,,vzg.dranjalis.94@antidote-temp.com,FALSE,pending,unclaimed
Plastic Surgery Department,plastic-surgery-department,,"P843+F2Q, Jagadamba Junction, Visakhapatnam, Andhra Pradesh 530002, India",Visakhapatnam,Andhra Pradesh,India,530002,17.7062192,83.3026189,,,,Hospital,,5,2,ChIJhUhgDAVDOToR6C_aALln1pQ,https://www.google.com/maps/search/?api=1&query=Plastic%20Surgery%20Department&query_place_id=ChIJhUhgDAVDOToR6C_aALln1pQ,https://lh3.googleusercontent.com/gps-cs-s/AC9h4nqeGqKbF_uSc1F9FZmqXVN8la4FvCw8PCNxqubFIhx9K997hg7tCd9jycvEy5yUtdge5fAg4-vEi8rc0jNKz6Mrld-YKeXaUZSa1JZpikts_KiAoWSn-GGPmJjrP5O5mWTgVol5iA=w507-h240-k-no,,vzg.plasticsurgerydepart.95@antidote-temp.com,FALSE,pending,unclaimed
Dr. V.manmadha Rao (surgery ),dr-vmanmadha-rao-surgery,,"Jagadamba Centre, Jail Rd, Prakasaraopeta, Nehru Nagar, Jagadamba Junction, Visakhapatnam, Andhra Pradesh 530002, India",Visakhapatnam,Andhra Pradesh,India,530002,17.7100777,83.3043665,,,,Medical clinic,"{""Monday"": ""9\u202fAM to 5\u202fPM"", ""Tuesday"": ""9\u202fAM to 5\u202fPM"", ""Wednesday"": ""9\u202fAM to 5\u202fPM"", ""Thursday"": ""9\u202fAM to 5\u202fPM"", ""Friday"": ""9\u202fAM to 5\u202fPM"", ""Saturday"": ""9\u202fAM to 5\u202fPM"", ""Sunday"": ""9\u202fAM to 5\u202fPM""}",3,2,ChIJucknBpNDOToR3NFT5H8ccOQ,https://www.google.com/maps/search/?api=1&query=Dr.%20V.manmadha%20Rao%20(surgery%20)&query_place_id=ChIJucknBpNDOToR3NFT5H8ccOQ,https://streetviewpixels-pa.googleapis.com/v1/thumbnail?panoid=8lfxUNgYkUB8r2vnIpa-3g&cb_client=search.gws-prod.gps&w=408&h=240&yaw=6.1911077&pitch=0&thumbfov=100,,vzg.drvmanmadharaosurger.96@antidote-temp.com,FALSE,pending,unclaimed